-- 공휴일
# USE ddisdb;

INSERT INTO holiday (date, is_holiday, holiday_name, is_weekend) VALUES
    ('2025-01-01', TRUE, '신정', FALSE),
    ('2025-01-04', FALSE, NULL, TRUE),
    ('2025-01-05', FALSE, NULL, TRUE),
    ('2025-01-11', FALSE, NULL, TRUE),
    ('2025-01-12', FALSE, NULL, TRUE),
    ('2025-01-18', FALSE, NULL, TRUE),
    ('2025-01-19', FALSE, NULL, TRUE),
    ('2025-01-25', FALSE, NULL, TRUE),
    ('2025-01-26', FALSE, NULL, TRUE),
    ('2025-01-28', TRUE, '설날 연휴', FALSE),
    ('2025-01-29', TRUE, '설날', FALSE),
    ('2025-01-30', TRUE, '설날 연휴', FALSE),
    ('2025-02-01', FALSE, NULL, TRUE),
    ('2025-02-02', FALSE, NULL, TRUE),
    ('2025-02-08', FALSE, NULL, TRUE),
    ('2025-02-09', FALSE, NULL, TRUE),
    ('2025-02-15', FALSE, NULL, TRUE),
    ('2025-02-16', FALSE, NULL, TRUE),
    ('2025-02-22', FALSE, NULL, TRUE),
    ('2025-02-23', FALSE, NULL, TRUE),
    ('2025-03-01', TRUE, '삼일절', TRUE),
    ('2025-03-02', FALSE, NULL, TRUE),
    ('2025-03-08', FALSE, NULL, TRUE),
    ('2025-03-09', FALSE, NULL, TRUE),
    ('2025-03-15', FALSE, NULL, TRUE),
    ('2025-03-16', FALSE, NULL, TRUE),
    ('2025-03-22', FALSE, NULL, TRUE),
    ('2025-03-23', FALSE, NULL, TRUE),
    ('2025-03-29', FALSE, NULL, TRUE),
    ('2025-03-30', FALSE, NULL, TRUE),
    ('2025-04-05', FALSE, NULL, TRUE),
    ('2025-04-06', FALSE, NULL, TRUE),
    ('2025-04-12', FALSE, NULL, TRUE),
    ('2025-04-13', FALSE, NULL, TRUE),
    ('2025-04-19', FALSE, NULL, TRUE),
    ('2025-04-20', FALSE, NULL, TRUE),
    ('2025-04-26', FALSE, NULL, TRUE),
    ('2025-04-27', FALSE, NULL, TRUE),
    ('2025-05-03', FALSE, NULL, TRUE),
    ('2025-05-04', FALSE, NULL, TRUE),
    ('2025-05-05', TRUE, '어린이날', FALSE),
    ('2025-05-06', TRUE, '어린이날 대체공휴일', FALSE),
    ('2025-05-10', FALSE, NULL, TRUE),
    ('2025-05-11', FALSE, NULL, TRUE),
    ('2025-05-17', FALSE, NULL, TRUE),
    ('2025-05-18', FALSE, NULL, TRUE),
    ('2025-05-24', FALSE, NULL, TRUE),
    ('2025-05-25', FALSE, NULL, TRUE),
    ('2025-05-31', FALSE, NULL, TRUE),
    ('2025-06-01', FALSE, NULL, TRUE),
    ('2025-06-06', TRUE, '현충일', FALSE),
    ('2025-06-07', FALSE, NULL, TRUE),
    ('2025-06-08', FALSE, NULL, TRUE),
    ('2025-06-14', FALSE, NULL, TRUE),
    ('2025-06-15', FALSE, NULL, TRUE),
    ('2025-06-21', FALSE, NULL, TRUE),
    ('2025-06-22', FALSE, NULL, TRUE),
    ('2025-06-28', FALSE, NULL, TRUE),
    ('2025-06-29', FALSE, NULL, TRUE),
    ('2025-07-05', FALSE, NULL, TRUE),
    ('2025-07-06', FALSE, NULL, TRUE),
    ('2025-07-12', FALSE, NULL, TRUE),
    ('2025-07-13', FALSE, NULL, TRUE),
    ('2025-07-19', FALSE, NULL, TRUE),
    ('2025-07-20', FALSE, NULL, TRUE),
    ('2025-07-26', FALSE, NULL, TRUE),
    ('2025-07-27', FALSE, NULL, TRUE),
    ('2025-08-02', FALSE, NULL, TRUE),
    ('2025-08-03', FALSE, NULL, TRUE),
    ('2025-08-09', FALSE, NULL, TRUE),
    ('2025-08-10', FALSE, NULL, TRUE),
    ('2025-08-15', TRUE, '광복절', FALSE),
    ('2025-08-16', FALSE, NULL, TRUE),
    ('2025-08-17', FALSE, NULL, TRUE),
    ('2025-08-23', FALSE, NULL, TRUE),
    ('2025-08-24', FALSE, NULL, TRUE),
    ('2025-08-30', FALSE, NULL, TRUE),
    ('2025-08-31', FALSE, NULL, TRUE),
    ('2025-09-06', FALSE, NULL, TRUE),
    ('2025-09-07', FALSE, NULL, TRUE),
    ('2025-09-13', FALSE, NULL, TRUE),
    ('2025-09-14', FALSE, NULL, TRUE),
    ('2025-09-20', FALSE, NULL, TRUE),
    ('2025-09-21', FALSE, NULL, TRUE),
    ('2025-09-27', FALSE, NULL, TRUE),
    ('2025-09-28', FALSE, NULL, TRUE),
    ('2025-09-30', TRUE, '추석 연휴', FALSE),
    ('2025-10-01', TRUE, '추석', FALSE),
    ('2025-10-02', TRUE, '추석 연휴', FALSE),
    ('2025-10-03', TRUE, '개천절', FALSE),
    ('2025-10-04', FALSE, NULL, TRUE),
    ('2025-10-05', FALSE, NULL, TRUE),
    ('2025-10-11', FALSE, NULL, TRUE),
    ('2025-10-12', FALSE, NULL, TRUE),
    ('2025-10-18', FALSE, NULL, TRUE),
    ('2025-10-19', FALSE, NULL, TRUE),
    ('2025-10-25', FALSE, NULL, TRUE),
    ('2025-10-26', FALSE, NULL, TRUE),
    ('2025-11-01', FALSE, NULL, TRUE),
    ('2025-11-02', FALSE, NULL, TRUE),
    ('2025-11-08', FALSE, NULL, TRUE),
    ('2025-11-09', FALSE, NULL, TRUE),
    ('2025-11-15', FALSE, NULL, TRUE),
    ('2025-11-16', FALSE, NULL, TRUE),
    ('2025-11-22', FALSE, NULL, TRUE),
    ('2025-11-23', FALSE, NULL, TRUE),
    ('2025-11-29', FALSE, NULL, TRUE),
    ('2025-11-30', FALSE, NULL, TRUE),
    ('2025-12-06', FALSE, NULL, TRUE),
    ('2025-12-07', FALSE, NULL, TRUE),
    ('2025-12-13', FALSE, NULL, TRUE),
    ('2025-12-14', FALSE, NULL, TRUE),
    ('2025-12-20', FALSE, NULL, TRUE),
    ('2025-12-21', FALSE, NULL, TRUE),
    ('2025-12-25', TRUE, '성탄절', FALSE),
    ('2025-12-27', FALSE, NULL, TRUE),
    ('2025-12-28', FALSE, NULL, TRUE);

-- 용어사전
INSERT INTO dictionary (
    dictionary_name,
    dictionary_content
) VALUES
      ('급여', '직원에게 근무에 대한 보상으로 지급되는 금전 또는 물품'),
      ('결재', '업무 문서를 상급자가 승인하는 행위'),
      ('근태', '근무와 관련된 출근, 퇴근, 지각, 조퇴, 결근 등의 기록'),
      ('성과', '업무 수행 결과로 얻은 실적이나 결과물'),
      ('승진', '직원의 직급이 상위 단계로 올라가는 인사 조치'),
      ('휴가', '직원이 일정 기간 동안 근무를 쉬는 제도'),
      ('퇴사', '직원이 회사를 그만두는 것'),
      ('복리후생', '급여 외에 직원에게 제공되는 복지 혜택'),
      ('연차', '근속 기간에 따라 부여되는 유급 휴가 일수'),
      ('직급', '직원의 서열이나 계층을 나타내는 등급 체계');

-- 본부
INSERT INTO headquarters
(	head_name,
     head_code
) VALUES
      ('개발본부', 'H001'),
      ('경영지원본부', 'H002'),
      ('사업본부', 'H003'),
      ('대표', 'H004');


-- 부서
INSERT INTO department
(	department_name,
     department_code,
     head_id
) VALUES
      ('PC게임개발부서', 'D001', 1),
      ('아트개발부서', 'D002', 1),
      ('인사부서', 'D003', 2),
      ('재무회계부서', 'D004', 2),
      ('마케팅부서', 'D005', 3),
      ('영업부서', 'D006', 3),
      ('대표', 'D007', 4);


-- 팀
INSERT INTO team
(	team_name,
     team_code,
     department_id
) VALUES
      ('PC개발팀', 'T001', 1),
      ('PC게임기획팀', 'T002', 1),
      ('아트기획팀', 'T003', 2),
      ('아트팀', 'T004', 2),
      ('채용팀', 'T005', 3),
      ('인사평가팀', 'T006', 3),
      ('급여정산팀', 'T007', 4),
      ('세무관리팀', 'T008', 4),
      ('콘텐츠마케팅팀', 'T009', 5),
      ('퍼포먼스팀', 'T010', 5),
      ('B2B영업팀', 'T011', 6),
      ('B2C영업팀', 'T012', 6),
      ('대표', 'T013', 7);

-- 소개
INSERT INTO introduction (
    introduction_context,
    created_at,
    introduction_type,
    department_id,
    team_id
) VALUES
      ('고사양 환경을 기반으로 몰입감 높은 게임을 기획·개발하는 부서. 그래픽, 시스템 등 다양한 분야의 전문가들이 협업해 고품질 게임을 완성합니다.', '2023-11-23', '부서', 1, NULL),
      ('게임의 시각적 완성도를 책임지는 부서로, 캐릭터, 배경, UI 등 전반적인 그래픽 요소를 제작. 게임의 콘셉트와 분위기를 시각적으로 구현해 플레이어의 몰입감을 높이는 역할을 합니다.', '2023-11-23', '부서', 2, NULL),
      ('채용, 인사 평가, 조직 운영 등 전반적인 인사 정책을 수립하고 실행하는 부서. 직원들의 성장을 지원하고 효율적인 조직 문화를 조성하는 중심적인 역할을 수행합니다.', '2023-11-23', '부서', 3, NULL),
      ('회사의 자금 흐름을 관리하고, 정확한 회계처리와 재무보고를 담당하는 부서. 예산 수립, 비용 통제, 세무 대응 등을 통해 안정적인 경영 기반을 지원합니다.', '2023-11-23', '부서', 4, NULL),
      ('자사 제품과 서비스를 고객에게 효과적으로 전달하고 매출을 창출하는 핵심 부서. 시장 분석, 고객 관리, 파트너십 구축 등을 통해 비즈니스 성장을 주도합니다.', '2023-11-23', '부서', 5, NULL),
      ('브랜드 인지도 향상과 제품 홍보를 위한 전략을 수립하고 실행하는 부서. 시장 조사, 캠페인 기획, 콘텐츠 제작 등을 통해 고객과의 효과적인 소통을 이끕니다.', '2023-11-23', '부서', 6, NULL),
      ('PC 개발팀은 다양한 장르의 PC 게임을 기획하고, 고사양 그래픽과 복잡한 시스템을 구현하는 기술 중심의 팀입니다. 엔진 개발, 클라이언트 최적화, 멀티플레이 기능 등 핵심 기능을 안정적으로 구현하며, 완성도 높은 게임 경험을 제공하기 위해 기획자, 디자이너와의 긴밀한 협업을 바탕으로 개발을 진행합니다.', '2023-11-23', '팀', NULL, 1),
      ('PC게임 기획팀은 게임의 핵심 시스템, 콘텐츠, 세계관 등을 설계하며 전체적인 플레이 흐름을 기획하는 팀입니다. 플레이어의 경험을 중심으로 레벨 디자인, 밸런스 조정, 인터페이스 흐름 등을 구체화합니다. 개발팀 및 아트팀과 협업해 기획 의도를 효과적으로 구현하고, 재미와 몰입도를 극대화합니다.', '2023-11-23', '팀', NULL, 2),
      ('아트 기획팀은 게임의 시각적 방향성과 콘셉트를 정립하고, 전체 아트 스타일의 일관성을 기획하는 팀입니다. 캐릭터, 배경, UI 등 각 요소의 아트 가이드라인을 수립하여 아티스트들이 참고할 기준을 제공합니다. 기획팀 및 개발팀과 협업해 시각적 콘셉트가 게임 전반에 잘 반영되도록 조율하는 역할을 수행합니다.', '2023-11-23', '팀', NULL, 3),
      ('아트팀은 게임의 캐릭터, 배경, 이펙트, UI 등 시각적 요소를 직접 제작하는 팀입니다. 게임 콘셉트와 기획 방향에 맞춰 다양한 아트 리소스를 구현하여 몰입감 있는 비주얼을 완성합니다. 그래픽 퀄리티와 스타일의 일관성을 유지하며 개발팀과 협업해 최종 게임 화면을 완성합니다.', '2023-11-23', '팀', NULL, 4),
      ('채용팀은 회사의 인재 확보를 위해 채용 전략을 수립하고, 전형 과정 전반을 운영하는 팀입니다. 채용 공고 작성부터 서류 심사, 면접 일정 조율, 최종 합류까지 전 과정을 체계적으로 관리합니다. 각 부서와 협업해 필요한 인재를 적시에 채용하며, 긍정적인 지원자 경험 제공에도 주력합니다.', '2023-11-23', '팀', NULL, 5),
      ('인사평가팀은 직원의 성과와 역량을 공정하게 평가하기 위한 제도를 기획하고 운영하는 팀입니다. 평가 기준 및 프로세스를 설계하고, 평가 결과를 기반으로 승진, 보상, 역량 개발에 반영합니다. 조직의 성과 향상과 개인의 성장 지원을 위한 평가 문화를 정착시키는 데 중점을 둡니다.', '2023-11-23', '팀', NULL, 6),
      ('급여 정산팀은 전사 임직원의 급여, 상여금, 수당 등을 정확하게 계산하고 지급하는 업무를 담당하는 팀입니다. 근태 정보, 세금, 4대 보험 등을 반영해 법적 기준에 맞춘 급여 산정과 정산을 수행합니다. 급여 관련 문의 대응과 더불어 연말정산, 원천징수 등 법정 신고 업무도 함께 처리합니다.', '2023-11-23', '팀', NULL, 7),
      ('세무 관리팀은 회사의 세금 신고와 납부를 정확히 수행하고, 세법에 따라 재무 리스크를 관리하는 팀입니다. 부가가치세, 법인세, 원천세 등 다양한 세목의 신고 및 절세 전략 수립을 담당합니다. 세무 조사 대응 및 회계 처리와의 연계를 통해 기업의 재무 건전성을 확보하는 역할을 합니다.', '2023-11-23', '팀', NULL, 8),
      ('콘텐츠 마케팅팀은 브랜드와 게임의 가치를 전달하기 위한 다양한 콘텐츠를 기획하고 제작하는 팀입니다. 영상, 이미지, 글 등 멀티미디어 콘텐츠를 활용해 이용자와의 소통을 강화하고 관심을 유도합니다. 게임 콘셉트와 마케팅 전략을 반영한 콘텐츠로 인지도와 팬덤 형성을 지원합니다.', '2023-11-23', '팀', NULL, 9),
      ('퍼포먼스 팀은 데이터 기반의 광고 운영을 통해 효율적인 마케팅 성과를 창출하는 팀입니다. 검색, 디스플레이, 소셜 미디어 광고 등을 집행하며, 주요 지표(ROAS, CPC 등)를 지속적으로 분석·최적화합니다. 캠페인 성과를 정량적으로 평가하여 예산 집행의 효율성과 전환율을 극대화합니다.', '2023-11-23', '팀', NULL, 10),
      ('B2B 영업팀은 기업 고객을 대상으로 자사 제품과 서비스를 제안하고 계약을 성사시키는 팀입니다. 고객사의 니즈를 분석하고 맞춤형 솔루션을 제시하여 장기적인 파트너십을 구축합니다. 시장 동향과 경쟁사를 분석해 전략적인 영업 기회를 발굴하고 매출 성장을 이끕니다.', '2023-11-23', '팀', NULL, 11),
      ('B2C 영업팀은 일반 소비자를 대상으로 자사 제품과 서비스를 직접 소개하고 판매하는 팀입니다. 고객의 구매 여정을 분석하고 효과적인 프로모션 및 판매 전략을 기획해 구매 전환을 유도합니다. 고객 만족도와 충성도를 높이기 위한 피드백 수집 및 사후 관리도 함께 수행합니다.', '2023-11-23', '팀', NULL, 12);

-- 직책
INSERT INTO `position`
(	position_name,
     position_code
) VALUES
      ('팀원', 'P001'),
      ('팀장', 'P002'),
      ('부서장', 'P003'),
      ('본부장', 'P004'),
      ('대표이사', 'P005');

-- 직급
INSERT INTO `rank`
(	rank_name,
     rank_order,
     rank_code
) VALUES
      ('사원', 6, 'R001'),
      ('대리', 5, 'R002'),
      ('과장', 4, 'R003'),
      ('부장', 3, 'R004'),
      ('상무', 2, 'R005'),
      ('사장', 1, 'R006');

-- 직무
INSERT INTO job
(	job_name,
     job_code,
     job_role,
     job_need,
     job_necessary,
     job_preference,
     team_id
) VALUES
      ('PC게임개발', 'J001', '["게임 시스템 및 콘텐츠 개발", "클라이언트 및 엔진 기능 구현", "기획·아트팀과의 협업 진행"]',
       '["C++ 또는 C# 기반 개발 역량", "게임 엔진(Unreal, Unity) 이해도", "문제 해결 및 커뮤니케이션 능력"]',
       '["게임 개발 유관 전공 또는 경험", "Git 등 협업 툴 사용 경험", "하나 이상의 프로젝트 참여 경험"]',
       '["최적화 및 렌더링 개선 경험", "멀티플레이 또는 네트워크 구현 경험", "상용 게임 출시 또는 라이브 경험"]', 1),
      ('PC 플랫폼 기반 개발', 'J002', '["PC 플랫폼 환경에 최적화된 기능 개발", "런처 및 게임 업데이트 시스템 설계", "플랫폼 보안 및 인증 기능 구현"]',
       '["Windows 기반 시스템 개발 경험", "배포 자동화 및 설치 프로그램 개발 능력", "보안 및 사용자 인증 시스템 이해도"]',
       '["관련 전공 또는 PC 플랫폼 개발 경험", "배치 및 런처 구조에 대한 이해", "버전 관리 시스템(Git 등) 활용 능력"]',
       '["게임 런처 개발 또는 배포 시스템 구축 경험", "보안 솔루션 연동 경험", "크로스 플랫폼 대응 경험(macOS, Linux 등)"]', 1),
      ('게임 기능 구현 및 테스트', 'J003', '["게임 내 주요 기능 및 시스템 구현", "기능 단위 테스트 및 품질 검증 수행", "버그 수정 및 안정성 개선 지원"]',
       '["C++, C#, 또는 스크립트 언어 활용 능력", "버그 분석 및 디버깅 역량", "테스트 시나리오 설계 능력"]',
       '["게임 개발 관련 실무 경험 또는 전공", "게임 기능 단위 구현 경험", "버전 관리 도구(Git 등) 활용 경험"]',
       '["QA 팀과의 협업 경험", "자동화 테스트 도구 사용 경험", "기능별 로그 및 오류 추적 시스템 설계 경험"]', 1),
      ('PC 게임 기획', 'J004',  '["게임 시스템과 콘텐츠 전반 기획", "레벨 디자인 및 플레이 흐름 설계", "기획 문서 작성 및 협업 진행"]',
       '["논리적 사고력 및 게임 구조 분석 능력", "기획서 작성 능력 및 문서화 역량", "게임에 대한 깊은 이해와 플레이 경험"]',
       '["게임 기획 관련 전공 또는 유사 경험", "게임 장르별 특성에 대한 이해", "툴(Figma, Excel 등) 활용 능력"]',
       '["상용 게임 기획 참여 경험", "레벨 디자인 툴 또는 밸런싱 툴 사용 경험", "유저 피드백을 반영한 기획 개선 경험"]', 2),
      ('PC 게임 컨셉 및 시나리오 설계', 'J005', '["게임 세계관 및 콘셉트 설정", "캐릭터와 시나리오 흐름 기획", "스토리 기반 콘텐츠 설계 및 문서화"]',
       '["스토리텔링 능력 및 문장 구성력", "게임 장르별 세계관 구성 이해도", "시나리오 구성 및 대사 작성 능력"]',
       '["게임 시나리오 기획 경험 또는 관련 전공", "기획서 및 세계관 설정 문서 작성 경험", "기획팀과의 협업 소통 능력"]',
       '["소설, 시나리오, 서사 기반 콘텐츠 제작 경험", "게임 콘셉트 아트 또는 세계관 자료 조사 경험", "상용 게임 시나리오 개발 참여 경험"]', 2),
      ('콘텐츠 기획 및 문서화', 'J006', '["게임 콘텐츠 아이디어 기획 및 구체화", "시스템 흐름 및 UX 관점의 기획 문서 작성", "부서 간 공유를 위한 기획안 정리 및 전달"]',
       '["논리적 사고 기반의 콘텐츠 설계 능력", "정확하고 명확한 문서 작성 능력", "협업을 위한 커뮤니케이션 스킬"]',
       '["게임 또는 디지털 콘텐츠 기획 경험", "기획 문서 작성 툴(Word, Excel, Notion 등) 활용 능력", "기본적인 게임 구조 및 흐름 이해"]',
       '["기획서 템플릿 설계 또는 관리 경험", "사용자 피드백 기반 기획 개선 경험", "기획 리뷰 및 QA 대응 경험"]', 2),
      ('게임 아트 스타일 기획', 'J007', '["게임의 아트 방향성과 스타일 가이드 기획", "캐릭터, 배경, UI 등 아트 요소의 콘셉트 정리", "아트팀과의 협업을 통한 스타일 일관성 유지"]',
       '["아트 스타일 기획 및 시각적 분석 능력", "게임 콘셉트에 맞는 아트 방향 설정 역량", "기획서 작성 및 커뮤니케이션 능력"]',
       '["게임 아트 기획 경험 또는 관련 전공", "그래픽 및 아트 분야 전반에 대한 이해", "스타일 가이드 문서 작성 능력"]',
       '["게임 콘셉트 아트 참여 경험", "세계관 기반 아트 디렉션 설계 경험", "디자이너 또는 아티스트와의 협업 경험"]', 3),
      ('비주얼 방향성 설계', 'J008', '["게임의 전체 비주얼 콘셉트와 스타일 방향 설계", "시각적 요소의 일관성 유지 및 품질 가이드 수립", "아트, 기획, 개발 부서와의 협업을 통한 방향 조율"]',
       '["강한 미적 감각과 시각적 기획 능력", "스타일 가이드 및 품질 기준 수립 역량", "부서 간 협업 및 디렉션 조율 능력"]',
       '["게임 또는 콘텐츠 분야의 아트 디렉션 경험", "게임 아트 및 시각 언어에 대한 깊은 이해", "콘셉트 수립 및 전달 문서 작성 경험"]',
       '["상용 게임 또는 브랜드 프로젝트의 비주얼 리딩 경험", "트렌드 분석 및 적용 능력", "해외 아트 팀과의 협업 경험"]', 3),
      ('아트 리소스 기획 및 관리', 'J009', '["게임 개발에 필요한 아트 리소스 기획 및 요구 정의", "아트 제작 일정 및 품질 관리", "외주 및 내부 아티스트와의 리소스 협업 조율"]',
       '["아트 제작 프로세스에 대한 이해", "리소스 스펙 정의 및 일정 수립 능력", "협업 및 커뮤니케이션 능력"]',
       '["게임 또는 콘텐츠 제작 환경에서의 아트 리소스 관리 경험", "프로젝트 관리 툴 사용 경험", "아트 기획 및 문서화 능력"]',
       '["외주 아티스트 관리 경험", "리소스 파이프라인 설계 경험", "3D, UI, 이펙트 등 복수 리소스 관리 경험"]', 3),
      ('3D 캐릭터 디자인', 'J010', '["게임 콘셉트에 맞는 3D 캐릭터 모델링 및 텍스처 작업", "리깅 및 애니메이션 연동을 고려한 최적화 모델 제작", "기획·애니메이션 팀과 협업하여 캐릭터 완성도 향상"]',
       '["3D 모델링 툴(Maya, Blender 등) 숙련도", "인체 비례 및 해부학에 대한 이해", "텍스처링 및 맵 구성 능력"]',
       '["3D 캐릭터 제작 포트폴리오 보유", "게임용 캐릭터 제작 경험 또는 관련 전공", "PBR 기반 제작 파이프라인 이해"]',
       '["애니메이션 연동을 고려한 모델링 경험", "ZBrush 등 하이폴리 툴 사용 경험", "스타일별(리얼/카툰) 캐릭터 제작 경험"]', 4),
      ('배경, 이펙트 3D 제작', 'J011', '["게임의 분위기와 세계관에 맞는 3D 배경 및 오브젝트 제작", "전투, 스킬, 환경 등 다양한 이펙트 제작", "최적화 및 연출 효과를 고려한 리소스 구현"]',
       '["3D 모델링 및 텍스처링 툴(Maya, Blender 등) 숙련도", "이펙트 툴(Unity FX, Niagara 등) 활용 능력", "게임 콘셉트에 맞춘 연출 감각"]',
       '["3D 배경 또는 이펙트 제작 포트폴리오 보유", "게임 엔진 기반 제작 경험", "PBR 텍스처링 및 최적화 이해"]',
       '["모듈형 배경 제작 경험", "전투 및 캐릭터 연계 이펙트 개발 경험", "라이팅 및 포스트 프로세스 활용 경험"]', 4),
      ('UI/UX 디자인 (사용자 인터페이스)', 'J012', '["게임의 전반적인 UI/UX 흐름 기획 및 디자인", "사용자 중심의 레이아웃, 인터랙션 설계 및 구현", "아트·개발팀과 협업하여 인터페이스 완성도 확보"]',
       '["UI/UX 툴(Figma, Photoshop 등) 사용 능력", "사용자 경험 중심의 설계 사고", "GUI 요소 디자인 및 문서화 역량"]',
       '["UI/UX 디자인 포트폴리오 보유", "게임 또는 디지털 콘텐츠 UI 설계 경험", "화면 설계서 및 UX 플로우 작성 능력"]',
       '["게임 UX 테스트 및 개선 경험", "반응형 UI 또는 다양한 플랫폼 대응 경험", "애니메이션 효과 또는 모션 디자인 이해"]', 4),
      ('채용 공고 작성 및 지원자 관리', 'J013', '["직무에 적합한 채용 공고 기획 및 작성", "채용 플랫폼 등록 및 공고 운영 관리", "지원자 접수, 서류 검토 및 전형 일정 조율"]',
       '["직무 분석 및 공고 문안 작성 능력", "채용 시스템 및 플랫폼 운영 이해", "지원자 커뮤니케이션 및 일정 관리 능력"]',
       '["채용 또는 HR 분야 유관 경험", "문서 작성 및 커뮤니케이션 역량", "기초적인 엑셀 및 구글 스프레드시트 활용 능력"]',
       '["다양한 채용 채널 운영 경험", "면접관 및 지원자 일정 조율 경험", "HR SaaS 시스템 사용 경험(Gather, 원티드 등)"]', 5),
      ('면접 일정 조율 및 평가 진행', 'J014', '["지원자와 면접관 간의 면접 일정 조율 및 안내", "면접 진행 환경 세팅 및 운영 지원", "평가표 수집 및 면접 결과 정리"]',
       '["면접 운영 및 커뮤니케이션 능력", "일정 조율 및 문서 정리 능력", "지원자 응대 및 비대면 면접 툴 이해"]',
       '["HR 또는 채용 관련 실무 경험", "오피스 문서 및 일정 관리 툴 사용 경험", "면접 프로세스에 대한 이해"]',
       '["비대면 면접 시스템 운영 경험", "다수 면접 일정 동시 운영 경험", "면접 피드백 데이터 정리 및 리포트 작성 경험"]', 5),
      ('리크루팅 채널 관리 및 인재풀 운영', 'J015', '["외부 채용 플랫폼 및 소셜 리크루팅 채널 운영", "포지션별 채용 전략 수립 및 타깃 인재 발굴", "지원자 DB 및 인재풀 관리, 재접점 운영"]',
       '["채용 채널 분석 및 운영 전략 수립 능력", "시장 트렌드 파악 및 타깃팅 역량", "DB 관리 및 장기 인재 관리 커뮤니케이션 능력"]',
       '["채용 플랫폼(원티드, 사람인 등) 사용 경험", "Excel 또는 DB 관리 도구 활용 역량", "채용 브랜딩 또는 리서치 업무 경험"]',
       '["직무별 타깃 인재 분석 경험", "소셜 리크루팅 채널 운영 경험", "인재풀을 활용한 수시 채용 성과 경험"]', 5),
      ('성과평가 지표 설계 및 운영', 'J016', '["직무 및 조직별 성과평가 지표 설계 및 개선", "평가 제도 운영 및 일정 관리", "평가 결과 수집 및 분석을 통한 인사 활용"]',
       '["KPI·OKR 등 성과관리 지표 설계 능력", "정량·정성 평가 기준 수립 역량", "조직 및 직무 분석을 통한 평가 모델 기획 능력"]',
       '["HR 또는 인사평가 제도 운영 경험", "엑셀, 구글시트 등 데이터 관리 능력", "평가 설문 및 시스템 관리 경험"]',
       '["성과관리 시스템(HRIS) 사용 경험", "직무분석 또는 역량모델링 경험", "조직장 대상 제도 설명 및 운영 경험"]', 6),
      ('다면평가 및 피드백 관리', 'J017', '["조직 구성원 간의 다면평가 설계 및 운영", "피드백 설문 기획 및 수집 관리", "평가 결과 분석 및 피드백 제공 프로세스 운영"]',
       '["평가 항목 설계 및 설문 문항 구성 능력", "데이터 수집 및 응답 분석 역량", "익명성 보장 및 피드백 전달 관리 능력"]',
       '["HR 또는 조직문화 관련 실무 경험", "설문 도구 및 데이터 정리 도구(Excel, Google Forms 등) 활용 능력", "구성원 피드백 프로세스에 대한 이해"]',
       '["다면평가 시스템 또는 툴 사용 경험", "피드백 문화 구축 또는 조직 내 커뮤니케이션 개선 프로젝트 경험", "피평가자 대상 결과 리포트 작성 경험"]', 6),
      ('평가 결과 분석 및 보상 연계', 'J018', '["성과 평가 결과 정량·정성 분석 및 인사이트 도출", "평가 등급에 따른 보상 및 인사 연계 기준 운영", "성과 기반 보상제도 설계 및 개선 지원"]',
       '["데이터 분석 및 통계 처리 능력", "평가 결과를 HR 정책과 연계하는 기획 역량", "공정하고 체계적인 보상 설계 마인드"]',
       '["인사평가 또는 보상제도 운영 경험", "엑셀, 스프레드시트 등 분석 도구 활용 능력", "성과-보상 연계 구조에 대한 이해"]',
       '["인사정보시스템(HRIS) 활용 경험", "조직장 또는 임원 대상 평가 리포트 작성 경험", "성과 기반 연봉·인센티브 설계 경험"]', 6),
      ('급여 및 상여금 계산', 'J019', '["근로자의 급여, 수당, 상여금 등 지급 금액 산정", "근태, 세금, 공제 내역 반영한 월별 정산 처리", "지급 기준 변경 시 내부 기준 적용 및 관리"]',
       '["급여 구성 항목 및 산정 로직에 대한 이해", "엑셀 기반의 수식 작성 및 계산 능력", "근태, 공제, 세무 항목 반영 역량"]',
       '["급여 또는 회계 관련 실무 경험", "급여 계산 시스템 또는 ERP 활용 경험", "세법 및 4대 보험 규정에 대한 기본 이해"]',
       '["성과급, 인센티브 등 비정기 보상 정산 경험", "연말정산 및 원천징수 업무 경험", "회계 또는 세무 자격증 보유"]', 7),
      ('4대보험 신고 및 정산', 'J020', '["입·퇴사 및 보수 변경에 따른 4대보험 자격 신고", "월별 보험료 산정 및 납부 자료 정리", "연말 정산, 보수총액 신고 등 각종 보고서 제출"]',
       '["4대보험 제도 및 신고 절차에 대한 이해", "보험료 계산 및 정산 업무 처리 능력", "공단 시스템(EDI, 사회보험통합징수포털) 활용 능력"]',
       '["4대보험 신고 또는 급여 정산 실무 경험", "입퇴사, 휴직 등 인사 변동 관련 보험처리 경험", "기본적인 엑셀 데이터 정리 능력"]',
       '["보수총액 신고 및 연말 정산 실무 경험", "각 보험기관 정기 점검 대응 경험", "급여·인사 시스템 연동 처리 경험"]', 7),
      ('급여 관련 법적 이슈 대응', 'J021', '["근로기준법 및 세법 기반 급여 이슈 검토 및 대응", "노동부, 세무서 등 외부 기관의 조사 및 문의 응대", "급여 지급 기준 변경 시 법령 검토 및 리스크 사전 차단"]',
       '["급여·수당 관련 법령 이해 및 적용 능력", "노동·세무 관련 공문 및 조사 대응 역량", "내부 커뮤니케이션 및 리스크 관리 능력"]',
       '["급여 또는 노무·세무 관련 실무 경험", "근로기준법, 소득세법 등 관련 법률 기본 지식", "내부 감사 또는 외부 기관 대응 경험"]',
       '["노동부 근로감독 대응 경험", "세무조사 시 급여자료 제출 경험", "노무사 또는 세무사 자격 또는 협업 경험"]', 7),
      ('부가세, 법인세 신고', 'J022', '["반기 및 연간 부가가치세 신고서 작성 및 납부", "사업연도 종료 후 법인세 신고 및 세액 정산", "세무자료 수집 및 공제·과세 항목 검토"]',
       '["부가세·법인세 법령 및 신고 절차에 대한 이해", "회계자료 기반 세무조정 및 신고서 작성 역량", "국세청 홈택스 및 전자신고 시스템 활용 능력"]',
       '["세무 또는 회계 관련 실무 경험", "부가세 및 법인세 신고서 작성 경험", "기초 회계 지식 및 결산자료 이해 능력"]',
       '["세무조정 및 이연법인세 계산 경험", "세무조사 대응 경험", "세무사 또는 전산세무 자격증 보유"]', 8),
      ('세무 감사 대응', 'J023', '["국세청 및 지방세무서 세무조사 대응 준비 및 자료 제출", "세무 리스크 분석 및 사전 검토", "감사 결과에 따른 정정신고 및 후속 조치 수행"]',
       '["세무조사 대응 프로세스에 대한 이해", "관련 세법 및 회계 기준 분석 능력", "자료 수집 및 커뮤니케이션 대응 역량"]',
       '["세무 또는 회계 감사 대응 경험", "부가세, 법인세 등 주요 세목 처리 경험", "세무 자료 정리 및 제출 능력"]',
       '["국세청 세무조사 실무 대응 경험", "세무 리스크 사전 분석 보고서 작성 경험", "세무사 자격 또는 외부 법무·세무 법인 협업 경험"]', 8),
      ('비용 절감 세무 전략 수립', 'J024', '["세법 분석을 통한 절세 방안 도출 및 적용", "세무 리스크 진단 및 비용 절감 전략 수립", "업종별 세제 혜택 활용 및 정기 검토 리포트 작성"]',
       '["국세 및 지방세 법령에 대한 해석 능력", "세무 리스크 분석 및 시뮬레이션 역량", "절세 전략 제안 및 문서화 능력"]',
       '["회계 또는 세무 분야 실무 경험", "세목별 공제·감면 제도에 대한 이해", "법인세·부가세 등 정기 신고 실무 경험"]',
       '["세무 전략 보고서 작성 경험", "세무 자문기관 협업 경험", "업종별 세제 혜택 분석 및 적용 사례 경험"]', 8),
      ('콘텐츠 기획 및 제작', 'J025', '["브랜드 및 게임 홍보를 위한 콘텐츠 기획", "영상, 이미지, 텍스트 기반의 콘텐츠 제작 및 운영", "마케팅 채널별 콘텐츠 전략 수립 및 퍼블리싱"]',
       '["콘텐츠 기획 및 스토리텔링 능력", "디자인 툴 또는 영상 제작 툴 사용 역량", "마케팅 채널별 콘텐츠 포맷 이해"]',
       '["콘텐츠 제작 또는 마케팅 실무 경험", "SNS, 유튜브 등 디지털 채널 운영 경험", "콘텐츠 제작 포트폴리오 보유"]',
       '["게임 또는 브랜드 캠페인 콘텐츠 제작 경험", "에디토리얼 캘린더 운영 경험", "외주 크리에이터 또는 인플루언서 협업 경험"]', 9),
      ('브랜드 캠페인 운영', 'J026', '["브랜드 가치 확산을 위한 마케팅 캠페인 기획 및 운영", "오프라인·디지털 채널 통합 브랜드 메시지 관리", "캠페인 일정, 예산, 퍼포먼스 분석 및 리포팅"]',
       '["브랜드 전략 기획 및 실행 역량", "프로모션, 이벤트, 광고 운영 경험", "캠페인 성과 분석 및 보고서 작성 능력"]',
       '["브랜드 또는 마케팅 캠페인 실무 경험", "온·오프라인 채널 운영 경험", "캘린더 기반 일정 관리 및 실행력"]',
       '["IP 기반 콘텐츠 마케팅 경험", "유관 부서 및 외주 에이전시 협업 경험", "브랜드 톤앤매너 수립 및 유지 경험"]', 9),
      ('마케팅 전략 수립', 'J027', '["시장 및 타깃 분석을 기반으로 한 마케팅 전략 수립", "브랜드 및 제품 중심 통합 마케팅 플랜 기획", "전략 실행을 위한 채널 운영 및 캠페인 로드맵 제시"]',
       '["시장 조사 및 데이터 분석 능력", "포지셔닝, 메시지 전략, 타깃 설정 기획력", "전략 문서화 및 부서 간 협업 조율 능력"]',
       '["마케팅 기획 또는 브랜드 전략 수립 경험", "엑셀, 슬라이드 등 기획 도구 활용 능력", "광고, 콘텐츠, 프로모션 운영에 대한 이해"]',
       '["다채널 마케팅 전략 설계 경험", "성과 기반 전략 조정 및 A/B 테스트 경험", "BI/CI 가이드와 브랜드 메시지 정합성 검토 경험"]', 9),
      ('퍼포먼스 광고 집행 및 최적화', 'J028', '["검색, 디스플레이, 소셜 기반 퍼포먼스 광고 집행", "광고 지표 분석을 통한 실시간 운영 최적화", "광고 예산 효율 관리 및 리포트 작성"]',
       '["성과지표(ROAS, CPC, CPA 등)에 대한 이해", "Google Ads, Meta Ads 등 광고 플랫폼 운영 능력", "A/B 테스트 및 타겟 세분화 전략 수립 능력"]',
       '["퍼포먼스 마케팅 실무 경험", "광고 계정 운영 및 지표 리포트 작성 경험", "GA, GTM 등 웹 분석 도구 활용 능력"]',
       '["게임/앱 기반 유저 유입 마케팅 경험", "신규 캠페인 기획 및 자동화 최적화 경험", "다채널 광고 예산 분배 및 효율 관리 경험"]', 10),
      ('매체 운영 및 효율 분석', 'J029', '["광고 매체별 캠페인 운영 및 예산 분배 관리", "매체 성과 분석을 통한 효율 개선 전략 수립", "성과 지표 기반의 리포트 작성 및 최적화 제안"]',
       '["광고 매체 특성 및 지표(CTR, ROAS 등) 이해", "성과 분석 및 인사이트 도출 능력", "광고 성과 대시보드 설계 및 보고서 작성 능력"]',
       '["Google Ads, Meta Ads 등 매체 운영 경험", "퍼포먼스 마케팅 지표 분석 경험", "엑셀 또는 BI 도구 활용 능력"]',
       '["미디어 믹스 전략 수립 경험", "다채널 캠페인 운영 및 비교 분석 경험", "광고 자동화 솔루션 사용 경험"]', 10),
      ('기업 대상 서비스 제안 및 계약', 'J030', '["기업 고객의 니즈 파악 및 맞춤형 서비스 제안", "제안서 작성, 프레젠테이션 및 계약 조건 협상", "계약 체결 및 이행 관리 전반 운영"]',
       '["B2B 세일즈 커뮤니케이션 및 협상 능력", "서비스 구조 및 가치 전달 프레임 구성 역량", "제안서 및 계약 문서 작성 능력"]',
       '["B2B 영업 또는 고객사 대응 실무 경험", "제안 발표 및 계약 프로세스 경험", "기본적인 문서 도구 활용 능력(PPT, Excel 등)"]',
       '["IT·게임·SaaS 등 관련 산업 이해도", "프로젝트성 제안 경험 또는 입찰 참여 경험", "CRM 시스템 활용 또는 파이프라인 관리 경험"]', 11),
      ('파트너사 관리 및 협업 운영', 'J031', '["파트너사와의 협업 구조 설계 및 운영", "계약 조건, 정산, 공동 마케팅 등 운영 전반 관리", "파트너 실적 관리 및 정기 커뮤니케이션 수행"]',
       '["B2B 관계 구축 및 파트너십 유지 능력", "협업 기획 및 정산, 운영 관리 역량", "비즈니스 커뮤니케이션 및 조율 능력"]',
       '["파트너사 관리 또는 운영 실무 경험", "계약 및 정산 프로세스에 대한 이해", "문서 및 협업 도구(PPT, Excel 등) 활용 능력"]',
       '["공동 캠페인 또는 프로젝트 운영 경험", "정산 및 성과 리포트 작성 경험", "파트너용 가이드, 커뮤니케이션 자료 기획 경험"]', 11),
      ('맞춤형 솔루션 영업 전략 수립', 'J032', '["고객사 요구사항 분석을 통한 솔루션 설계 및 제안", "고객 세그먼트별 영업 전략 및 접근 방식 수립", "기회 발굴부터 수주까지의 전략적 파이프라인 운영"]',
       '["고객 니즈 분석 및 문제 해결 중심 제안 역량", "솔루션 구조 이해 및 맞춤형 가치 전달 기획력", "영업 전략 기획 및 데이터 기반 설득력"]',
       '["B2B 솔루션 영업 또는 IT/서비스영업 실무 경험", "제안서 작성 및 프레젠테이션 경험", "고객 응대 및 니즈 커뮤니케이션 역량"]',
       '["고객 여정 기반 영업 전략 수립 경험", "세일즈 파이프라인 CRM 활용 경험", "산업별 맞춤형 패키징 및 영업 전략 기획 경험"]', 11),
      ('개인 고객 대상 제품/서비스 영업', 'J033', '["개인 고객 대상 제품 및 서비스 소개 및 판매", "고객 니즈 파악을 통한 맞춤형 제안 및 응대", "상담 이력 관리 및 구매 전환 유도"]',
       '["제품 설명 및 상담 커뮤니케이션 능력", "고객 심리 및 구매 여정에 대한 이해", "고객 응대 및 클로징 역량"]',
       '["B2C 영업 또는 리테일 세일즈 실무 경험", "기본적인 제품 정보 숙지 및 설명 능력", "상담 이력 또는 CRM 입력 경험"]',
       '["고객 피드백 수집 및 VOC 개선 경험", "프로모션 또는 판촉 행사 운영 경험", "고객 전환율 개선 활동 참여 경험"]', 12),
      ('CRM 기반 리텐션 전략 수립', 'J034', '["고객 세그먼트별 행동 데이터 분석 및 리텐션 전략 수립", "CRM 기반 캠페인(이메일, 푸시 등) 기획 및 실행", "고객 이탈 방지 및 충성도 향상 프로그램 운영"]',
       '["CRM 시스템 활용 및 고객 데이터 분석 능력", "재방문·재구매 유도 캠페인 설계 역량", "고객 세그먼트 타기팅 및 메시지 최적화 능력"]',
       '["CRM 마케팅 또는 고객관리 실무 경험", "캠페인 운영 툴 활용 경험 (CRM 툴, 이메일 플랫폼 등)", "리텐션 관련 성과 지표(CLV, 재구매율 등) 이해"]',
       '["고객 여정 기반 리텐션 전략 기획 경험", "A/B 테스트 및 이탈 예측 모델 활용 경험", "고객 만족도 조사 및 NPS 기반 전략 개선 경험"]', 12),
      ('온·오프라인 프로모션 운영', 'J035', '["제품·서비스 홍보를 위한 온·오프라인 프로모션 기획 및 실행", "채널별 프로모션 일정, 운영, 물류 등 실행 관리", "성과 분석을 통한 프로모션 효과 개선 및 리포트 작성"]',
       '["프로모션 기획 및 운영 실행 능력", "마케팅 채널(온라인/오프라인)별 특성 이해", "성과 지표 분석 및 개선 기획 능력"]',
       '["온·오프라인 프로모션 실무 경험", "프로모션 일정 및 물류/디자인 협업 관리 경험", "기초적인 리포트 및 자료 작성 능력"]',
       '["대형 행사 및 콜라보 마케팅 운영 경험", "CRM 연계 이벤트 또는 쿠폰 프로모션 운영 경험", "리테일 매장 또는 유통 채널과의 협업 경험"]', 12),
      ('없음', '없음', '없음', '없음', '없음', '없음', 13);

-- 근무 상태
INSERT INTO work_status (work_status_id, work_status_name, label_color, sort_order) VALUES
    ('NORMAL', '정상근무', '#FFFFFF', 1),
    ('LATE', '지각', '#FFD59E', 2),
    ('ABSENT', '결근', '#F7A6A6', 3),
    ('BUSINESS_TRIP', '출장', '#B7E4C7', 4),
    ('FIELD_WORK', '외근', '#D0F0B0', 5),
    ('ANNUAL_LEAVE', '연차', '#A3C7F3', 6),
    ('HALF_AM', '오전반차', '#B5E4F0', 7),
    ('HALF_PM', '오후반차', '#B5E4F0', 8);

-- 사원
INSERT INTO employee (employee_id, employee_name, employee_pwd, employee_photo_name, employee_photo_url, employee_nation, employee_gender, employee_birth, employee_resident, employee_contact, employee_email, employee_address, employment_date, retirement_date, work_type, bank_name, bank_depositor, bank_account, is_disorder, military_type, is_marriage, marriage_date, family_count, career_year_count, previous_company, final_academic, employee_school, employee_dept, graduation_year, is_four_insurances, position_id, rank_id, job_id, head_id, department_id, team_id)
VALUES
    (19800104,       '김지후', '$2b$12$.GDm6HSO64dWCYY14ifLtu2NMiQ0WvuiQh7IxLeCmtAbPrOhkOhHC', 'no-photo.png', '', '대한민국', '남', '1955-01-04', '550104-1150621', '010-3800-8691', 'gimsunja@nate.com', '충청북도 성남시 중원구 도산대163거리', '1980-01-04', NULL, '정규직', '국민은행', '김지후', '854-6880-4761', '비장애', '미필', '미혼', NULL, 2, 1, '에코월드', '대졸', '대구대학교', '산업경영공학과', 1978, '가입', 5, 6, 36, 4, 7, 13),
    (19940109004001, '박선영', '$2b$12$yKJU/ff1anFMlFHUh7TCROYbvIXexZeajPDnbptjgtAYarowr913O', 'no-photo.png', '', '대한민국', '여', '1969-01-09', '690109-2539136', '010-4599-2466', 'coeyeonghyi@jusighoesa.kr', '경상북도 수원시 영통구 석촌호수02가', '1994-01-09', NULL, '정규직', '신한은행', '박선영', '791-9956-5623', '비장애', '미필', '기혼', '1994-04-19', 2, 1, '세이브이앤씨', '박사', '한화대학교', '컴퓨터공학과', 1992, '가입', 4, 5, 4, 1, 7, 13),
    (19991208002001, '최유진', '$2b$12$hx/M91ZvawbxUQ3lUOdABe5du1CGaCyUHEuJcbHP29nY9uycl2npC', 'no-photo.png', '', '대한민국', '여', '1974-12-08', '741208-2463270', '010-4055-5082', 'jeongjacoe@dreamwiz.com', '부산광역시 구로구 학동길', '1999-12-08', NULL, '정규직', '국민은행', '최유진', '326-4934-2061', '비장애', '미필', '기혼', '2000-03-17', 4, 7, '유니쿠어바이오', '고졸', '안산고등학교', NULL, 1993, '가입', 3, 4, 2, 1, 1, 1),
    (20071010003001, '이정자', '$2b$12$kShor2gOzI/xCcZSLhIjcuakCrIiJuJh8XTrjpAlyNLIQh.dJd2QK', 'no-photo.png', '', '대한민국', '남', '1982-10-10', '821010-1150337', '010-5943-1675', 'jeongungyun@live.com', '경상남도 제천시 서초대거리', '2007-10-10', NULL, '정규직', '국민은행', '이정자', '630-6038-6362', '비장애', '면제', '기혼', '2008-01-18', 3, 3, '유니쿠어바이오', '고졸', '서울고등학교', NULL, 2001, '가입', 2, 3, 3, 1, 1, 1),
    (20180214003001, '권영자', '$2b$12$uJixpOhsESbArwHEPtZqju4gDGZeEohm9kEh1YPufJoAt38wOTRz2', 'no-photo.png', '', '대한민국', '여', '1993-02-14', '930214-2579803', '010-7297-2257', 'seohyeonji@naver.com', '대전광역시 은평구 가락거리', '2018-02-14', NULL, '정규직', '기업은행', '권영자', '339-7114-8868', '비장애', '미필', '기혼', '2018-05-25', 1, 6, '씨엘네트웍스', '대졸', '전진대학교', '소프트웨어공학과', 2016, '가입', 1, 2, 3, 1, 1, 1),
    (20221211003001, '박승민', '$2b$12$yT.reAsNX4iA.oR088V/iur7zzbo.Pv5P4Q59dWjG7OpBZskWZ6AW', 'no-photo.png', '', '대한민국', '남', '1997-12-11', '971211-1109819', '010-2532-3082', 'jiweon94@nate.com', '울지대학교광역시 강동구 역삼85길', '2022-12-11', NULL, '정규직', '국민은행', '박승민', '393-3807-3249', '장애', '군필', '미혼', NULL, 1, 1, '아이티웍스', '박사', '서언대학교', '정보통신공학과', 2020, '가입', 1, 2, 3, 1, 1, 1),
    (20210311002001, '이은구', '$2b$12$VwXbt5kRzKe6fHnYJAmgtuWcklB3lCUG124aA1F57cYtaJBz84gwu', 'no-photo.png', '', '대한민국', '남', '1996-03-11', '960311-1609858', '010-5732-8818', 'ryujeonghyi@jogimo.kr', '서울특별시 영등포구 개포길', '2021-03-11', NULL, '정규직', '국민은행', '이은구', '929-1253-9271', '비장애', '미필', '미혼', NULL, 1, 4, '하늘정보통신', '대졸', '전진대학교', '컴퓨터공학과', 2019, '가입', 1, 1, 2, 1, 1, 1),
    (20211122003001, '백구범', '$2b$12$KeHpfqrHtiHWAEafyBgXI.NnUiVr4Kkn8MQA.IIH/y.GVvE9Diqfa', 'no-photo.png', '', '대한민국', '남', '1996-11-22', '961122-1469807', '010-6142-5120', 'geonumun@ogimbag.com', '부산광역시 서초구 언주길 ', '2021-11-22', NULL, '정규직', '신한은행', '백구범', '435-7012-1414', '비장애', '미필', '미혼', NULL, 1, 10, '엔오일전자', '박사', '대구대학교', '산업경영공학과', 2019, '가입', 1, 2, 3, 1, 1, 1),
    (20110315004001, '송명숙', '$2b$12$Ztr1t2hfbY56rJURhWVDj.jtELKel8RVbJTJbvjGHrQXfQMGh5TNe', 'no-photo.png', '', '대한민국', '여', '1986-03-15', '860315-2841594', '010-5735-4000', 'geonu02@yuhanhoesa.com', '충청남도 가평군 백제고분로 ', '2011-03-15', NULL, '정규직', '신한은행', '송명숙', '931-3127-7481', '비장애', '군필', '기혼', '2011-06-23', 4, 2, 'GB건설', '석사', '한화대학교', '컴퓨터공학과', 2009, '가입', 2, 3, 4, 1, 1, 2),
    (20170911006001, '권아현', '$2b$12$gy2ndEVQSdognhkQL3tUT.ltecR2VdI32PbruliIupuKoLvCki40q', 'no-photo.png', '', '대한민국', '여', '1992-09-11', '920911-2194516', '010-6253-2573', 'du@gugucoe.kr', '경상북도 화천군 서초중앙5로', '2017-09-11', NULL, '정규직', '기업은행', '권아현', '258-3896-9363', '비장애', '면제', '미혼', NULL, 3, 8, '넥스트정보기술', '박사', '한화대학교', '산업경영공학과', 2015, '가입', 1, 2, 6, 1, 1, 2),
    (20170406005001, '백현준', '$2b$12$p/AClNUAt74tGhWR3dNWHeeQMppZURC7Pp4g8XNFquqMz4HhWoxbm', 'no-photo.png', '', '대한민국', '남', '1992-04-06', '920406-1183900', '010-5667-0636', 'doyun55@jangyun.kr', '광주광역시 성동구 강남대로', '2017-04-06', NULL, '정규직', '기업은행', '백현준', '178-3221-4383', '비장애', '미필', '미혼', NULL, 1, 9, '리빙스톤', '대졸', '광주대학교', '정보통신공학과', 2015, '가입', 1, 2, 5, 1, 1, 2),
    (20220626005001, '배상준', '$2b$12$FAs4YOO3AwdPsEroh4ebeOAaX4vZNlm0m/8/kA9r3i93jl/jQuBXi', 'no-photo.png', '', '대한민국', '남', '1997-06-26', '970626-1073484', '010-3634-7723', 'jongsu79@hotmail.com', '인천광역시 도봉구 도산대길', '2022-06-26', NULL, '정규직', '농협은행', '배상준', '900-9138-4497', '비장애', '미필', '미혼', NULL, 1, 2, '지아이피', '고졸', '청주고등학교', NULL, 2016, '가입', 1, 2, 5, 1, 1, 2),
    (20210726006001, '배정순', '$2b$12$VZBDMqicXA4xVWAnlWAgAOge9LCNLEMRpWv/Bu2FdHOXDAKFn995W', 'no-photo.png', '', '대한민국', '남', '1996-07-26', '960726-1745099', '010-3931-8645', 'seonghyeoncoe@nate.com', '경상북도 속초시 반포대2길 ', '2021-07-26', NULL, '정규직', '우리은행', '배정순', '340-3164-4828', '비장애', '군필', '미혼', NULL, 4, 6, '드림에듀', '대졸', '광주대학교', '전자공학과', 2019, '가입', 1, 2, 6, 1, 1, 2),
    (20020724007001, '최정남', '$2b$12$s2JXCqXq9755g5xyA59Ty.0VNMoTB6rxbFOtfKiWphfR0JpnJNb/a', 'no-photo.png', '', '대한민국', '남', '1977-07-24', '770724-1267454', '010-9446-6602', 'ujinryu@ju.kr', '대구광역시 동구 선릉9가', '2002-07-24', NULL, '정규직', '카카오뱅크', '최정남', '878-7301-6791', '비장애', '미필', '기혼', '2002-11-01', 2, 8, '다온로지스', '박사', '한화대학교', '정보통신공학과', 2000, '가입', 3, 4, 7, 1, 2, 3),
    (20080415009001, '송순옥', '$2b$12$FhlYLCYZeJIOvwaav8L12.9o0.RLGvdosAH6kd5F6G5WoMBD40Le.', 'no-photo.png', '', '대한민국', '여', '1983-04-15', '830415-2747112', '010-7916-8602', 'rgim@ii.kr', '인천광역시 강남구 반포대978거리', '2008-04-15', NULL, '정규직', '기업은행', '송순옥', '723-3171-9166', '비장애', '군필', '미혼', NULL, 1, 1, '에코월드', '대졸', '울지대학교', '정보보안학과', 2006, '가입', 2, 3, 9, 1, 2, 3),
    (20181023009001, '김해인', '$2b$12$pjgdi5Qjk8NSu2QxCe4iFe1.6bFLUeBn2WuihrhufqJ1ltgygUsUW', 'no-photo.png', '', '대한민국', '여', '1993-10-23', '931023-2506524', '010-9974-3668', 'jeongsugi@daum.net', '대구광역시 노원구 학동765가', '2018-10-23', NULL, '정규직', '농협은행', '김해인', '210-1426-9625', '비장애', '면제', '미혼', NULL, 5, 2, '세이브이앤씨', '고졸', '제주고등학교', NULL, 2012, '가입', 1, 2, 9, 1, 2, 3),
    (20150702008001, '백수호', '$2b$12$jvtXbi2qn3k3eX6BuKSkj.NbEt.XPTHbRpq8waly9MH.2IJI8lIV2', 'no-photo.png', '', '대한민국', '남', '1990-07-02', '900702-1549515', '010-3181-9270', 'sangceol32@yuhanhoesa.net', '전라남도 동두천시 영동대337거리', '2015-07-02', NULL, '정규직', '신한은행', '백수호', '710-6875-9015', '장애', '면제', '미혼', NULL, 4, 10, '유한양행', '대졸', '수인대학교', '전자공학과', 2013, '가입', 1, 1, 8, 1, 2, 3),
    (20181103008001, '문상훈', '$2b$12$qp4RXvRF7YnPknZYtxIKe.lSAEVzKliBPBBBRnGZYN6bxhCc5OyGC', 'no-photo.png', '', '대한민국', '남', '1993-11-03', '931103-1944707', '010-3382-4906', 'seoyun45@dreamwiz.com', '강원도 동해시 역삼037가', '2018-11-03', NULL, '정규직', '신한은행', '문상훈', '566-6057-1207', '비장애', '군필', '미혼', NULL, 3, 2, 'CGV', '박사', '전진대학교', '산업경영공학과', 2016, '가입', 1, 1, 8, 1, 2, 3),
    (20170602007001, '최경숙', '$2b$12$n1I3h2Zb9kavW1gOsEXDu.mPJLzwsfr9ZTxczuLF.PHb3G54OBp8m', 'no-photo.png', '', '대한민국', '여', '1992-06-02', '920602-2067690', '010-6740-7306', 'nbag@bagbaggim.com', '부산광역시 종로구 개포가', '2017-06-02', NULL, '정규직', '신한은행', '최경숙', '325-3671-9105', '비장애', '미필', '미혼', NULL, 1, 3, 'CGV', '대졸', '수인대학교', '산업경영공학과', 2015, '가입', 1, 2, 7, 1, 2, 3),
    (20070420011001, '박지현', '$2b$12$APOJjJu.lTsPq3s0grYOkOlX.N9tXp2H2TZEmuXQN7OQvRZv9Qg6q', 'no-photo.png', '', '대한민국', '여', '1982-04-20', '820420-2327168', '010-9902-6228', 'yunseohwang@coehangim.net', '충청남도 음성군 영동대927로', '2007-04-20', NULL, '정규직', '우리은행', '박지현', '928-8879-9946', '장애', '면제', '기혼', '2007-07-29', 4, 7, '유한회사 한', '석사', '대구대학교', '소프트웨어공학과', 2005, '가입', 2, 3, 11, 1, 2, 4),
    (20191003011001, '이지은', '$2b$12$5Qikeo7mTnQY/fBUWuQe/O1HkEEtT8VQzC33cj0KlsEOTH6bI62EO', 'no-photo.png', '', '대한민국', '여', '1994-10-03', '941003-2046894', '010-6274-5596', 'ghan@naver.com', '충청남도 태백시 강남대길', '2019-10-03', NULL, '정규직', '카카오뱅크', '이지은', '421-2290-5246', '비장애', '미필', '기혼', '2020-01-11', 4, 7, '엔오일전자', '대졸', '서언대학교', '컴퓨터공학과', 2017, '가입', 1, 1, 11, 1, 2, 4),
    (20230525012001, '김항경', '$2b$12$3tN6Zs9Lo5k8muFy59b/RezMk8p.zflZWnKllo7Sb2sFDJXqm7BQS', 'no-photo.png', '', '대한민국', '남', '1998-05-25', '980525-1453083', '010-5519-6102', 'jeonghun36@yu.com', '충청북도 금산군 석촌호수300가', '2023-05-25', NULL, '정규직', '기업은행', '김항경', '240-7583-4130', '비장애', '면제', TRUE, '2023-09-02', 4, 1, '유니쿠어바이오', '박사', '제주대학교', '산업경영공학과', 2021, '가입', 1, 1, 12, 1, 2, 4),
    (20200715010001, '김미소', '$2b$12$O9zpZ4a5AM23BWCX2fnjw.VjqVPkDM6K4gtLIC/5ujKlbqeViDz0m', 'no-photo.png', '', '대한민국', '여', '1995-07-15', '950715-2083183', '010-2164-4158', 'gimgyeongsu@ju.org', '경기도 용인시 기흥구 학동가', '2020-07-15', NULL, '정규직', '기업은행', '김미소', '941-6184-5779', '비장애', '군필', '미혼', NULL, 1, 1, '아이티웍스', '대졸', '대구대학교', '정보통신공학과', 2018, '가입', 1, 2, 10, 1, 2, 4),
    (20151123010001, '소혜원', '$2a$12$xnf9DxvjbYkP9iAfXqFOzOPnAekB48j4QtmRLpleyeLmqu6lJcTLK', 'no-photo.png', '', '대한민국', '남', '1990-11-23', '901123-1978762', '010-9052-5911', 'yeongceoli@dreamwiz.com', '제주특별자치도 고성군 학동거리', '2015-11-23', NULL, '정규직', '카카오뱅크', '소혜원', '493-1969-4418', '비장애', '면제', '미혼', NULL, 4, NULL, NULL, '고졸', '전주고등학교', NULL, 2009, '가입', 1, 1, 10, 1, 2, 4),
    (19931121014001, '박미조', '$2b$12$SH0nW.MudKNGlD.GRd9LT.wYbUQLdb8/rSyWbyRpIqLRKmOzMGgKm', 'no-photo.png', '', '대한민국', '여', '1968-11-21', '681121-2454360', '010-2851-2400', 'yeongsuncoe@simbaeg.com', '경상남도 청양군 영동대236거리', '1993-11-21', NULL, '정규직', '신한은행', '박미조', '139-6163-5089', '비장애', '미필', '미혼', NULL, 2, NULL, NULL, '고졸', '서울고등학교', NULL, 1987, '가입', 4, 5, 14, 2, 7, 13),
    (20031214015001, '차승호', '$2b$12$tETquoMfJh1hyOUsQfc47u.z.upx4.v4VJSn0wQJUNQ8JjJsbDh5W', 'no-photo.png', '', '대한민국', '남', '1978-12-14', '781214-1920082', '010-6751-0074', 'yeongsighwang@bagnogim.kr', '강원도 부천시 학동6길', '2003-12-14', NULL, '정규직', '기업은행', '차승호', '451-8228-4701', '비장애', '면제', '미혼', NULL, 2, NULL, NULL, '고졸', '울지고등학교', NULL, 1997, '가입', 3, 4, 15, 2, 3, 5),
    (20140816014001, '이수빈', '$2b$12$LcokvOiTz74vG3OqEF27XOKVzDK3kMA07qwgTe1v4T63d2WvhRcjK', 'no-photo.png', '', '대한민국', '남', '1989-08-16', '890816-1826605', '010-0980-2507', 'gimgyeongsu@gimgim.net', '충청북도 고양시 일산동구 선릉5거리', '2014-08-16', NULL, '정규직', '농협은행', '이수빈', '366-6638-3659', '비장애', '면제', '미혼', NULL, 2, 3, '한화 에어로스페이스', '석사', '대구대학교', '정보통신공학과', 2012, '가입', 2, 3, 14, 2, 3, 5),
    (20191216014001, '주현원', '$2b$12$Kx/Gxc/oVzBwKUCrNEjGpuP2OKV2qeeB.ePqUUlAF4Ni1.4BtFwNW', 'no-photo.png', '', '대한민국', '여', '1994-12-16', '941216-2905551', '010-6171-5693', 'useoyeon@yu.kr', '인천광역시 관악구 영동대207길', '2019-12-16', NULL, '정규직', '농협은행', '주현원', '412-1278-6838', '비장애', '면제', '미혼', NULL, 5, 5, '쿠팡', '대졸', '한화대학교', '컴퓨터공학과', 2017, '가입', 1, 2, 14, 2, 3, 5),
    (20180609013001, '김혜지', '$2b$12$jsoiv.FLFG.cXyxb67xpXO7.ppkXbCBCSYUnWAOGGa0fjvoxFSaH.', 'no-photo.png', '', '대한민국', '여', '1993-06-09', '930609-2359423', '010-6482-8917', 'yeongjajo@hanmail.net', '세종특별자치시 북구 양재천가', '2018-06-09', NULL, '정규직', '기업은행', '김혜지', '687-9839-1953', '비장애', '면제', '기혼', '2018-09-17', 1, 7, '에코월드', '박사', '서언대학교', '컴퓨터공학과', 2016, '가입', 1, 1, 13, 2, 3, 5),
    (20150102013001, '남금륭', '$2b$12$N3z3x60Y.0vuQoZEbvZPeej8felDUDuOGpNF/2u9.pgTsemzzp/D6', 'no-photo.png', '', '대한민국', '남', '1990-01-02', '900102-1159989', '010-1180-9859', 'gwangsuan@gimcoe.kr', '제주특별자치도 고양시 양재천2길', '2015-01-02', NULL, '정규직', '우리은행', '남금륭', '849-3477-6790', '비장애', '미필', '기혼', '2015-04-12', 1, 8, '유니큐', '석사', '안산대학교', '컴퓨터공학과', 2013, '가입', 1, 1, 13, 2, 3, 5),
    (20070601016001, '서인영', '$2b$12$mAyQuvBKghykTKOoamNGs.zCoGODYT0zgySm5mE0ikeo6XP./aqn6', 'no-photo.png', '', '대한민국', '여', '1982-06-01', '820601-2747266', '010-6045-6007', 'jaehyeon27@yu.org', '전라남도 군포시 개포4거리', '2007-06-01', NULL, '정규직', '신한은행', '서인영', '122-9046-2004', '비장애', '미필', '기혼', '2007-09-09', 5, 1, '씨엘씨', '고졸', '신한고등학교', NULL, 2001, '가입', 2, 3, 16, 2, 3, 6),
    (20191101018001, '한성주', '$2b$12$i8HeK6JFJp2p9Dv.WhWfH.IEd09ACwYW4DGczoZk6E4twIQwFN0yG', 'no-photo.png', '', '대한민국', '남', '1994-11-01', '941101-1257155', '010-2275-7343', 'myeongsug58@gimcoe.com', '경상북도 부천시 원미구 서초대길', '2019-11-01', NULL, '정규직', '기업은행', '한성주', '125-4956-1736', '비장애', '군필', '미혼', NULL, 1, 3, '주바이오', '박사', '청주대학교', '컴퓨터공학과', 2017, '가입', 1, 2, 18, 2, 3, 6),
    (20170226016001, '박지성', '$2b$12$hHhFdvjN9Q5LYUqtMi.9Q.DJtozkxj5T1ALTPjKzAzo7XYzAxzmx2', 'no-photo.png', '', '대한민국', '남', '1992-02-26', '920226-1329796', '010-2033-3196', 'sonminji@hanmail.net', '경상남도 안양시 만안구 봉은사길', '2017-02-26', NULL, '정규직', '기업은행', '박지성', '112-4699-6352', '비장애', '미필', '기혼', '2017-06-06', 4, 3, '드림웍', '고졸', '청주고등학교', NULL, 2011, '가입', 1, 2, 16, 2, 3, 6),
    (20211108018001, '최영희', '$2b$12$q4OT9YAK.UjxWWvZ4uRMhOziY.e3Axg39Jlsq5dv.fj9i4LKhVGAO', 'no-photo.png', '', '대한민국', '여', '1996-11-08', '961108-2207691', '010-6132-6307', 'misuggang@hotmail.com', '대전광역시 노원구 영동대길', '2021-11-08', NULL, '정규직', '농협은행', '최영희', '168-2022-6651', '비장애', '미필', '기혼', '2022-02-16', 3, 5, '테크원', '고졸', '제주고등학교', NULL, 2015, '가입', 1, 1, 18, 2, 3, 6),
    (20040718021001, '홍주영', '$2b$12$ENen6Tal1uWSbEA3hmgYm.uOtuqPNZl5Cl9Vzm8oimtGJrXjIysvS', 'no-photo.png', '', '대한민국', '남', '1979-07-18', '790718-1609369', '010-4448-5291', 'seongjin22@yu.com', '전라북도 양주시 오금2로', '2004-07-18', NULL, '정규직', '기업은행', '홍주영', '779-7924-3225', '비장애', '면제', '미혼', NULL, 1, 8, '테크윙', '석사', '광주대학교', '전자공학과', 2002, '가입', 3, 4, 21, 2, 4, 7),
    (20080807020001, '김상준', '$2b$12$SbTiozI0af6AAwnwfl4BUO5CpPw8G1btu.PG4cfVTuDUfPH2/zyhW', 'no-photo.png', '', '대한민국', '남', '1983-08-07', '830807-1604225', '010-5544-5769', 'geonugim@gmail.com', '충청북도 가평군 서초중앙거리', '2008-08-07', NULL, '정규직', '우리은행', '김상준', '321-8355-8130', '비장애', '면제', '미혼', NULL, 4, 9, '니큐어', '대졸', '안산대학교', '정보보안학과', 2006, '가입', 2, 3, 20, 2, 4, 7),
    (20201004019001, '이은결', '$2b$12$3ivT8eogcfravubRHsWD0.S20X7Sj8vOUt97t5np0In1/i6mhlg.q', 'no-photo.png', '', '대한민국', '남', '1995-10-04', '951004-1963240', '010-6380-0917', 'yeweon62@hanmail.net', '대구광역시 강서구 압구정길', '2020-10-04', NULL, '정규직', '카카오뱅크', '이은결', '245-6866-6111', '비장애', '미필', '기혼', '2021-01-12', 3, 3, '에코월', '고졸', '전원고등학교', NULL, 2014, '가입', 1, 2, 19, 2, 4, 7),
    (20240226020001, '김수아', '$2b$12$pgFpwbgdPMaKn7Ah1j/WUeG5K6sje6BU1vvqP34ZugA4t7XbSFg1q', 'no-photo.png', '', '대한민국', '여', '1999-02-26', '990226-2349072', '010-4698-8259', 'jaehobag@naver.com', '전라북도 용인시 처인구 영동대길', '2024-02-26', NULL, '정규직', '농협은행', '김수아', '281-6387-7695', '비장애', '면제', '기혼', '2024-06-05', 1, 4, '삼립제약', '고졸', '인천고등학교', NULL, 2018, '가입', 1, 2, 20, 2, 4, 7),
    (20200618019001, '윤예은', '$2b$12$TyKBWFFxYk9pQHMUBTdxd.QGhApJJTZb6hqbHF83j2d3w8X6BfKeS', 'no-photo.png', '', '대한민국', '여', '1995-06-18', '950618-2963039', '010-3562-1357', 'yeongjai@live.com', '전라남도 서산시 학동가', '2020-06-18', NULL, '정규직', '기업은행', '윤예은', '491-1157-7705', '비장애', '면제', '기혼', '2020-09-26', 2, 3, '네이버', '박사', '부산대학교', '정보통신공학과', 2018, '가입', 1, 2, 19, 2, 4, 7),
    (20120609023001, '김준수', '$2b$12$EGRjKuzYjA8fHQSAPyrnzO6kUKkHcteSG4RdEt0zTEH.6Flzl0a3O', 'no-photo.png', '', '대한민국', '남', '1987-06-09', '870609-1326975', '010-5058-2357', 'seoyeonggim@yuhanhoesa.kr', '경상남도 양구군 논현길', '2012-06-09', NULL, '정규직', '신한은행', '김준수', '370-9744-9705', '비장애', '면제', '기혼', '2012-09-17', 3, NULL, NULL, '고졸', '창원고등학교', NULL, 2006, '가입', 2, 3, 23, 2, 4, 8),
    (20150902023001, '권이슬', '$2b$12$w.9suzioYrPjSOpXne6za.6wSHtc/dfKunkV7/FJHrNy2uca1Q0fK', 'no-photo.png', '', '대한민국', '여', '1990-09-02', '900902-2966542', '010-3481-8411', 'gimjeongja@hotmail.com', '충청북도 안산시 강남대279로', '2015-09-02', NULL, '정규직', '우리은행', '권이슬', '923-8580-1687', '비장애', '면제', '미혼', NULL, 1, NULL, NULL, '석사', '수인대학교', '전자공학과', 2013, '가입', 1, 1, 23, 2, 4, 8),
    (20180603022001, '홍하윤', '$2b$12$WYUboB/rPFrrXGKbUHvdHOON3YNWWO7fs/YQDynMMb73NO8l0Qlzq', 'no-photo.png', '', '대한민국', '여', '1993-06-03', '930603-2373277', '010-2782-3695', 'bagjiu@igimgim.kr', '강원도 옥천군 백제고분31가', '2018-06-03', NULL, '정규직', '농협은행', '홍하윤', '678-3008-7699', '비장애', '미필', '미혼', NULL, 5, NULL, NULL, '고졸', '광주고등학교', NULL, 2012, '가입', 1, 2, 22, 2, 4, 8),
    (20180912024001, '박시후', '$2b$12$U8A15sUhhISWSOjjro9xS.mHiO592P22LmWcDyWsZUfrCPwuEUDZ2', 'no-photo.png', '', '대한민국', '남', '1993-09-12', '930912-1614422', '010-8854-6925', 'cbag@gimgim.com', '경상북도 수원시 팔달구 테헤란7로', '2018-09-12', NULL, '정규직', '기업은행', '박시후', '499-3806-1050', '비장애', '군필', '기혼', '2018-12-21', 3, NULL, NULL, '대졸', '대구대학교', '정보보안학과', 2016, '가입', 1, 2, 24, 2, 4, 8),
    (19880409029001, '김원빈', '$2b$12$2GMrNloC5K1O7AwtjQKqjuar86cIpPmCLFctFjUO.Nj6ygXRYiLcK', 'no-photo.png', '', '대한민국', '남', '1963-04-09', '630409-1399201', '010-2229-6111', 'minsugim@coeiheo.org', '경상북도 안양시 언주92가', '1988-04-09', NULL, '정규직', '기업은행', '김원빈', '612-3264-9420', '장애', '면제', '기혼', '1988-07-18', 2, 4, '유한테크크', '박사', '창원대학교', '산업경영공학과', 1986, '가입', 4, 5, 29, 3, 7, 13),
    (19990517026001, '문근영', '$2b$12$dCk4giYXrNR33IZbzx.i1uVFOmD75GNF0dgK9a3u2GxtiP1O.ozi6', 'no-photo.png', '', '대한민국', '여', '1974-05-17', '740517-2204951', '010-6237-5825', 'bagsiu@gmail.com', '경상남도 파주시 양재천로', '1999-05-17', NULL, '정규직', '카카오뱅크', '문근영', '960-3427-2304', '비장애', '미필', '기혼', '1999-08-25', 2, 1, 'GS개발', '박사', '대구대학교', '산업경영공학과', 1997, '가입', 3, 4, 26, 3, 5, 9),
    (20110516027001, '장나라', '$2b$12$ACNpfPAHP9gCN8wGljWVW.f.C3UGmWKIFkN73NdRZDvy1G35s6zhO', 'no-photo.png', '', '대한민국', '여', '1986-05-16', '860516-2841880', '010-5550-1318', 'ijeongja@gmail.com', '울지대학교광역시 북구 가락거리', '2011-05-16', NULL, '정규직', '신한은행', '장나라', '437-4889-3888', '비장애', '미필', '미혼', NULL, 1, 2, '아워개발', '박사', '부산대학교', '컴퓨터공학과', 2009, '가입', 2, 3, 27, 3, 5, 9),
    (20201208025001, '이지원', '$2b$12$UcaNeIZTutrOv18mASRWmuD2FHY2P1VI8ufH3edaQGbDZOvZRMM6i', 'no-photo.png', '', '대한민국', '남', '1995-12-08', '951208-1593166', '010-5483-6160', 'ijaehyeon@ju.org', '경상남도 예산군 석촌호수길', '2020-12-08', NULL, '정규직', '우리은행', '이지원', '352-1360-3766', '비장애', '미필', '미혼', NULL, 2, 10, '세이브이앤씨', '고졸', '청주고등학교', NULL, 2014, '가입', 1, 2, 25, 3, 5, 9),
    (20150518027001, '손민환', '$2b$12$vSuCvknkt6nX/FJkQ3Ial.S7x41aUM3awMnRMhrc.9DQL3LMFGK8q', 'no-photo.png', '', '대한민국', '남', '1990-05-18', '900518-1520026', '010-6986-4391', 'xhong@nobag.com', '서울특별시 광진구 오금322로', '2015-05-18', NULL, '정규직', '카카오뱅크', '손민환', '860-3757-2285', '비장애', '군필', '기혼', '2015-08-26', 3, 9, '이앤씨', '박사', '청주대학교', '전자공학과', 2013, '가입', 1, 1, 27, 3, 5, 9),
    (20160115025001, '최예원', '$2b$12$h6fpcJdpChEecGVgdM.VuOxgYRastDc6XIljRd.XFAATDzVZq2Z9y', 'no-photo.png', '', '대한민국', '여', '1991-01-15', '910115-2996811', '010-9240-4156', 'yeongsig24@namryu.net', '대구광역시 강서구 석촌호수로', '2016-01-15', NULL, '정규직', '농협은행', '최예원', '537-2698-8495', '비장애', '면제', '미혼', NULL, 2, 8, '티웍스', '석사', '대구대학교', '산업경영공학과', 2014, '가입', 1, 1, 25, 3, 5, 9),
    (20121215029001, '송지원', '$2b$12$MD48FIS9pvk2NVYLfzfCyuKBS1d.zaFjISKVNEkBUWEQMVuU3NkYK', 'no-photo.png', '', '대한민국', '여', '1987-12-15', '871215-2862010', '010-7793-7825', 'dhwang@yu.kr', '세종특별자치시 노원구 서초대12거리', '2012-12-15', NULL, '정규직', '기업은행', '송지원', '827-3458-1656', '비장애', '미필', '기혼', '2013-03-25', 1, 8, '에이플제약', '박사', '전진대학교', '정보통신공학과', 2010, '가입', 2, 3, 29, 3, 5, 10),
    (20150716029001, '지하은', '$2b$12$eJhDsJDlLtJ8yUA23OcmF.m2cL07BYe3K4cTcofOk2ookbAwJn1iC', 'no-photo.png', '', '대한민국', '여', '1990-07-16', '900716-2163511', '010-5766-2266', 'yeongceolhan@hotmail.com', '광주광역시 송파구 봉은사길', '2015-07-16', NULL, '정규직', '기업은행', '지하은', '358-6574-7168', '비장애', '군필', '미혼', NULL, 4, 4, '조김심', '석사', '부산대학교', '컴퓨터공학과', 2013, '가입', 1, 1, 29, 3, 5, 10),
    (20220804028001, '김소희', '$2b$12$dHxBw7LGSwxBtc8TmFCyjuKLUFTrXWrnDYBtC/47MkS6VF24Uwm8y', 'no-photo.png', '', '대한민국', '여', '1997-08-04', '970804-2366330', '010-5878-7879', 'joyeonggil@gimgiman.kr', '경상남도 용인시 기흥구 테헤란47거리', '2022-08-04', NULL, '정규직', '농협은행', '김소희', '127-1595-9132', '비장애', '군필', '기혼', '2022-11-12', 1, 1, '테크천', '대졸', '창원대학교', '정보보안학과', 2020, '가입', 1, 2, 28, 3, 5, 10),
    (20160208028001, '윤영희', '$2b$12$vVc/GHkU4Zt1Pv7S8AbFzu686l2Lg2azh2oxnXR/sI5LSJwMO3S.2', 'no-photo.png', '', '대한민국', '여', '1991-02-08', '910208-2195548', '010-1495-2076', 'sangceolgo@dreamwiz.com', '경상남도 수원시 장안구 선릉길', '2016-02-08', NULL, '정규직', '신한은행', '윤영희', '191-6871-5796', '비장애', '미필', '미혼', NULL, 2, NULL, NULL, '석사', '청주대학교', '전자공학과', 2014, '가입', 1, 1, 28, 3, 5, 10),
    (19960314030001, '이영애', '$2b$12$bScgTuQ1R4Bw1zoOhj5iduea8eNk7U5X0.N1hKNlznoh7k9tNNULm', 'no-photo.png', '', '대한민국', '여', '1971-03-14', '710314-2091461', '010-8729-8381', 'yseo@naver.com', '세종특별자치시 은평구 역삼로', '1996-03-14', NULL, '정규직', '신한은행', '이영애', '787-3470-8505', '비장애', '군필', '기혼', '1996-06-22', 5, 10, '테크트리', '고졸', '제주고등학교', NULL, 1990, '가입', 3, 4, 30, 3, 6, 11),
    (20080820030001, '고소연', '$2a$12$xnf9DxvjbYkP9iAfXqFOzOPnAekB48j4QtmRLpleyeLmqu6lJcTLK', 'no-photo.png', '', '대한민국', '여', '1983-08-20', '830820-2941349', '010-6787-7108', 'doyun81@daum.net', '대전광역시 성동구 도산대8거리', '2008-08-20', NULL, '정규직', '기업은행', '고소연', '341-9313-6829', '비장애', '면제', '기혼', '2008-11-28', 5, 7, '씨투씨네트워크', '고졸', '창원고등학교', NULL, 2002, '가입', 2, 3, 30, 3, 6, 11),
    (20160718031001, '서주연', '$2b$12$tDTOe3CQsqZuiCKblujh1eVgvkGXGsj29Pg0NaZYiC9LIX/pCliKK', 'no-photo.png', '', '대한민국', '여', '1991-07-18', '910718-2532320', '010-6827-3184', 'ibyeongceol@baggimgim.com', '강원도 춘천시 양재천로', '2016-07-18', NULL, '정규직', '농협은행', '서주연', '266-7630-6531', '비장애', '면제', '기혼', '2016-10-26', 2, 5, '장박', '고졸', '전인고등학교', NULL, 2010, '가입', 1, 2, 31, 3, 6, 11),
    (20210106032001, '안인애', '$2b$12$SM6oboXyC.dpuqYaQDlG0.TVY4g5S8tEOEXATWMGpX0D29bxKh7SC', 'no-photo.png', '', '대한민국', '여', '1996-01-06', '960106-2883633', '010-3315-2339', 'lgo@dreamwiz.com', '광주광역시 종로구 강남대길', '2021-01-06', NULL, '정규직', '카카오뱅크', '안인애', '376-9066-7432', '비장애', '군필', '미혼', NULL, 3, 1, '비오제약', '대졸', '수인대학교', '정보통신공학과', 2019, '가입', 1, 2, 32, 3, 6, 11),
    (20180808032001, '김아현', '$2b$12$MpBPeCBzGj8wgGbhrkCATujIEycNR87gC33K3cG0UW60igT6Q6jBK', 'no-photo.png', '', '대한민국', '여', '1993-08-08', '930808-2177374', '010-6409-3907', 'mgim@jusighoesa.com', '세종특별자치시 노원구 서초중앙48거리', '2018-08-08', NULL, '정규직', '우리은행', '김아현', '115-6091-9689', '비장애', '면제', '미혼', NULL, 5, NULL, NULL, '석사', '제주대학교', '컴퓨터공학과', 2016, '가입', 1, 1, 32, 3, 6, 11),
    (20070512035001, '이정웅', '$2b$12$CfBdCZ./J9no5OfkmrDDJ.KUh/52mNXE61h2sA2HII1AkLjeQe1Jy', 'no-photo.png', '', '대한민국', '남', '1982-05-12', '820512-1396564', '010-4019-9226', 'ri@oyu.com', '제주특별자치도 춘천시 테헤란가', '2007-05-12', NULL, '정규직', '기업은행', '이정웅', '395-8682-1572', '장애', '면제', TRUE, '2007-08-20', 4, 1, '다음', '고졸', '수원고등학교', NULL, 2001, '가입', 2, 3, 35, 3, 6, 12),
    (20200704035001, '정웅인', '$2b$12$7pGj98x2rhKD28tPyg7QuukLE6zHQO6ZMJtm/O.p4J4rmzKZ6sMVW', 'no-photo.png', '', '대한민국', '남', '1995-07-04', '950704-1713959', '010-6672-5983', 'gjo@yuhanhoesa.com', '충청북도 안산시 상록구 강남대527거리', '2020-07-04', NULL, '정규직', '기업은행', '정웅인', '891-9712-5299', '비장애', '면제', '기혼', '2020-10-12', 3, 1, '오신기술', '박사', '광주대학교', '컴퓨터공학과', 2018, '가입', 1, 2, 35, 3, 6, 12),
    (20230520033001, '안재준', '$2b$12$3BR6tayj/QBCSLTNzO7RwehB4JLLOPuwGrometfL.trRyj52QWjzK', 'no-photo.png', '', '대한민국', '남', '1998-05-20', '980520-1634950', '010-5740-6071', 'jeongsig92@songgimi.com', '경기도 용인시 석촌호수길', '2023-05-20', NULL, '정규직', '농협은행', '안재준', '803-1627-8469', '비장애', '미필', '미혼', NULL, 2, NULL, NULL, '고졸', '광주고등학교', NULL, 2017, '가입', 1, 1, 33, 3, 6, 12),
    (20230423035001, '고승범', '$2b$12$ve97C7W0M68cNchcUJBzNuclomya0Gev/0Xnj3vJmRZkQ6xiOsZl2', 'no-photo.png', '', '대한민국', '남', '1998-04-23', '980423-1800069', '010-2243-1562', 'yeweon92@live.com', '부산광역시 서구 개포가', '2023-04-23', NULL, '정규직', '농협은행', '고승범', '504-2966-7615', '비장애', '미필', '미혼', NULL, 1, 1, '호인제약', '대졸', '광주대학교', '전자공학과', 2021, '가입', 1, 1, 35, 3, 6, 12),
    (20190817035001, '이기제', '$2b$12$hMRvxqJeA9jqCOD1XpJnG.3eXfHjdFoZZY.uX7pcFEBZLLE0ppPfi', 'no-photo.png', '', '대한민국', '남', '1994-08-17', '940817-1616405', '010-0483-9409', 'minjae45@daum.net', '대구광역시 은평구 압구정가', '2019-08-17', '2024-09-20', '정규직', '신한은행', '이기제', '454-9126-1838', '비장애', '미필', '미혼', NULL, 5, NULL, NULL, '대졸', '서언대학교', '정보보안학과', 2017, '가입', 1, 1, 35, 3, 6, 12),
    (20240818033001, '이주은', '$2b$12$USUtdKuF8lwQ5C9Bw1knr.3y19aRMDFJ.b/HWs8YvxI.MOrCxecSa', 'no-photo.png', '', '대한민국', '여', '1999-08-18', '990818-2081980', '010-3035-7293', 'gimjaehyeon@ii.com', '경상북도 의왕시 개포로', '2024-08-18', '2025-05-26', '정규직', '국민은행', '이주은', '121-5473-1561', '비장애', '면제', '미혼', NULL, 3, 1, '한국전력', '석사', '수인대학교', '정보통신공학과', 2022, '가입', 1, 1, 33, 3, 6, 12),
    (20190508035001, '이종성', '$2b$12$y.5u4IXnnCuqXhK2uH3qceIIEAxCcBNDtrfA/UJT9oMXp8l1qWCCO', 'no-photo.png', '', '대한민국', '남', '1994-05-08', '940508-1112128', '010-5737-9460', 'seunghyeon14@iiji.net', '대전광역시 도봉구 삼성길', '2019-05-08', '2025-04-26', '정규직', '국민은행', '이종성', '360-5747-4393', '비장애', '면제', '기혼', '2019-08-16', 4, NULL, NULL, '박사', '제주대학교', '컴퓨터공학과', 2017, '가입', 1, 1, 35, 3, 6, 12),
    (20150220035001, '천슬기', '$2b$12$.aeHxq2RhQ4J//gz2UwE3OX3gH.fUA6CUwHQPNWNzLK9iQvc5JLbm', 'no-photo.png', '', '대한민국', '여', '1990-02-20', '900220-2630887', '010-3564-5127', 'minsugweon@live.com', '전라남도 금산군 서초중앙4로', '2015-02-20', '2025-03-26', '정규직', '국민은행', '천슬기', '880-9671-9458', '비장애', '면제', '미혼', NULL, 2, NULL, NULL, '박사', '안산대학교', '컴퓨터공학과', 2013, '가입', 1, 1, 35, 3, 6, 12),
    (20160324035001, '우희원', '$2b$12$HmcjOKhUsbzI7aftpFz1K.PFxRsQdwmwAupOOWbmPdfLlKSbh9dqy', 'no-photo.png', '', '대한민국', '여', '1991-03-24', '910324-2133126', '010-9759-3181', 'ni@daum.net', '경기도 청양군 강남대539거리', '2016-03-24', '2025-05-26', '정규직', '국민은행', '우희원', '448-7325-5106', '비장애', '군필', '미혼', NULL, 2, 8, '서구', '고졸', '광주고등학교', NULL, 2010, '가입', 1, 1, 35, 3, 6, 12);
-- 전자결재양식
INSERT INTO document_form (form_name, form_content, is_deleted, employee_id) VALUES
    ('사업기안',
     '<form>
       <h2>사업기안</h2>
       <table>
         <tr>
           <td>기안부서</td>
           <td><input type="text" name="department" readonly></td>
           <td>직책</td>
           <td><input type="text" name="position" readonly></td>
         </tr>
         <tr>
           <td>기안자</td>
           <td><input type="text" name="drafter" readonly></td>
           <td>기안일자</td>
           <td><input type="date" name="draftDate" readonly></td>
         </tr>
         <tr>
           <td>문서번호</td>
           <td>-</td>
           <td>보존연한</td>
           <td>
             <select name="retentionPeriod">
               <option value="1년">1년</option>
               <option value="3년">3년</option>
               <option value="5년">5년</option>
             </select>
           </td>
         </tr>
         <tr>
           <td>수신자</td>
           <td>
             <input type="text" name="receiver">
           </td>
           <td>참조자</td>
           <td>
             <input type="text" name="reference">
           </td>
         </tr>
       </table>

       <!-- 결재라인 테이블(직책 기준, 이름은 자동할당) -->
       <h3>결재라인</h3>
       <table border="1" style="border-collapse:collapse; width:100%; margin-bottom:16px;">
         <thead>
           <tr>
             <th>단계</th>
             <th>직책</th>
             <th>이름(자동지정)</th>
             <th>상태</th>
           </tr>
         </thead>
         <tbody>
           <tr>
             <td>기안</td>
             <td>사원 (position_id=1)</td>
             <td>&nbsp;</td>
             <td>기안</td>
           </tr>
           <tr>
             <td>1차</td>
             <td>팀장 (position_id=2)</td>
             <td>&nbsp;</td>
             <td>대기중</td>
           </tr>
           <tr>
             <td>2차</td>
             <td>부장 (position_id=3)</td>
             <td>&nbsp;</td>
             <td>대기중</td>
           </tr>
           <tr>
             <td>3차</td>
             <td>본부장 (position_id=4)</td>
             <td>&nbsp;</td>
             <td>대기중</td>
           </tr>
         </tbody>
       </table>

       <div>
         <label>제목</label>
         <input type="text" name="title" placeholder="제목을 입력하세요">
       </div>
       <div>
         <label>첨부파일</label>
         <input type="file" name="files" multiple>
       </div>
       <div>
         <label>본문</label>
         <textarea name="body" placeholder="기안 내용을 작성하세요..."></textarea>
       </div>
     </form>', false, 20180609013001);

-- 전자결재 기안문서
INSERT INTO draft_documents (
    doc_title,
    doc_content,
    preserve_period,
    expiration_date,
    doc_status,
    created_at,
    submitted_at,
    draft_saved_at,
    final_approval_at,
    deleted_at,
    draft_version,
    form_id,
    employee_id
) VALUES
    (
                'ERP 시스템 도입 추진',
                '{
          "department":"기획팀",
          "position":"대리",
          "drafter":"김개발",
          "receiver": ["수신자A"],
          "reference": ["참조자B"],
          "approvalLines": [],
          "title": "제목 테스트",
          "files": [],
          "body": "본문 테스트입니다"
        }',
        3,                                  -- 보존기간 (1,3,5 중 택1)
        '2028-06-01',                       -- 만료일(보존기간 기준)
        '대기중',                           -- 문서상태
        '2025-06-01 09:00:00',              -- 작성일
        '2025-06-01 09:05:00',              -- 상신일
        NULL,                               -- 임시저장일
        NULL,                               -- 최종결재일
        NULL,                               -- 삭제일
        1,                                  -- 차수
        1,                                  -- 문서양식번호
        20150102013001                      -- 사원번호(기안자)
    );


-- 전자결재 파일 첨부
INSERT INTO document_attachment (
    file_name,
    file_url,
    file_size,
    file_type,
    is_deleted,
    doc_id
) VALUES
-- PDF 첨부 예시
('ERP_사업계획서.pdf', '/uploads/ERP_사업계획서.pdf', 120456, 'application/pdf', FALSE, 1),

-- 엑셀 첨부 예시
('예산_산정표.xlsx', '/uploads/예산_산정표.xlsx', 23844, 'application/vnd.openxmlformats-officedocument.spreadsheetml.sheet', FALSE, 1);


-- 결재라인
INSERT INTO approval_line (
    step, status, approved_at, type, opinion,
    department_id, position_id, job_id, team_id, rank_id,
    employee_id, doc_id, form_id
) VALUES
      (0, '기안',      NULL, '기안',      NULL, NULL, 1, NULL, NULL, NULL, NULL, 1, 1),
      (1, '대기중',    NULL, '내부', NULL, NULL, 2, NULL, NULL, NULL, NULL, 1, 1),
      (2, '대기중',    NULL, '내부', NULL, NULL, 3, NULL, NULL, NULL, NULL, 1, 1),
      (3, '대기중',    NULL, '내부', NULL, NULL, 4, NULL, NULL, NULL, NULL, 1, 1);


-- 문서결재함
-- 기안자: 남금륭
INSERT INTO document_box (employee_id, doc_id, is_read, read_at, is_deleted, role)
VALUES
        (20150102013001, 1, FALSE, NULL, FALSE, '기안자'),

-- 1단계 결재자: 이수빈 (팀장)
       (20140816014001, 1, FALSE, NULL, FALSE, '결재자'),

-- 2단계 결재자: 차승호 (부장)
       (20031214015001, 1, FALSE, NULL, FALSE, '결재자'),

-- 3단계 결재자: 박미조 (본부장)
       (19931121014001, 1, FALSE, NULL, FALSE, '결재자');


-- 급여 기초
INSERT INTO salary_base (
    rank_id,
    annual_income
) VALUES
      (6, 120000000), -- 사장
      (5, 80000000),  -- 상무
      (4, 65000000),  -- 부장
      (3, 55000000),  -- 과장
      (2, 45000000),  -- 대리
      (1, 35000000);

-- 급여
INSERT INTO salary (
    employee_id, salary_date, salary_basic, salary_overtime, salary_night, salary_holiday, salary_meal, salary_transport, salary_bonus, income_tax, local_income_tax, national_pension, employment_insurance, health_insurance, long_care_insurance, total_income, total_deductions, net_salary
) VALUES
      (19800104, '2024-05-10', 10000000, 1000000, 500000, 500000, 100000, 100000, 0, 610000, 122000, 450000, 109799, 354500, 45411, 12200000, 1691710, 10508290),
      (19800104, '2024-06-10', 10000000, 1000000, 500000, 500000, 100000, 100000, 10000000, 1110000, 222000, 450000, 199799, 354500, 45411, 22200000, 2381710, 19818290),
      (19800104, '2024-07-10', 10000000, 1000000, 500000, 500000, 100000, 100000, 0, 610000, 122000, 450000, 109799, 354500, 45411, 12200000, 1691710, 10508290),
      (19800104, '2024-08-10', 10000000, 1000000, 500000, 500000, 100000, 100000, 0, 610000, 122000, 450000, 109799, 354500, 45411, 12200000, 1691710, 10508290),
      (19800104, '2024-09-10', 10000000, 1000000, 500000, 500000, 100000, 100000, 0, 610000, 122000, 450000, 109799, 354500, 45411, 12200000, 1691710, 10508290),
      (19800104, '2024-10-10', 10000000, 1000000, 500000, 500000, 100000, 100000, 0, 610000, 122000, 450000, 109799, 354500, 45411, 12200000, 1691710, 10508290),
      (19800104, '2024-11-10', 10000000, 1000000, 500000, 500000, 100000, 100000, 0, 610000, 122000, 450000, 109799, 354500, 45411, 12200000, 1691710, 10508290),
      (19800104, '2024-12-10', 10000000, 1000000, 500000, 500000, 100000, 100000, 10000000, 1110000, 222000, 450000, 199799, 354500, 45411, 22200000, 2381710, 19818290),
      (19800104, '2025-01-10', 10000000, 1000000, 500000, 500000, 100000, 100000, 0, 610000, 122000, 450000, 109799, 354500, 45411, 12200000, 1691710, 10508290),
      (19800104, '2025-02-10', 10000000, 1000000, 500000, 500000, 100000, 100000, 0, 610000, 122000, 450000, 109799, 354500, 45411, 12200000, 1691710, 10508290),
      (19800104, '2025-03-10', 10000000, 1000000, 500000, 500000, 100000, 100000, 0, 610000, 122000, 450000, 109799, 354500, 45411, 12200000, 1691710, 10508290),
      (19800104, '2025-04-10', 10000000, 1000000, 500000, 500000, 100000, 100000, 0, 610000, 122000, 450000, 109799, 354500, 45411, 12200000, 1691710, 10508290),
      (19800104, '2025-05-10', 10000000, 1000000, 500000, 500000, 100000, 100000, 0, 610000, 122000, 450000, 109799, 354500, 45411, 12200000, 1691710, 10508290),
      (19800104, '2025-06-10', 10000000, 1000000, 500000, 500000, 100000, 100000, 10000000, 1110000, 222000, 450000, 199799, 354500, 45411, 22200000, 2381710, 19818290),
      (19940109004001, '2024-05-10', 6666667, 666667, 333333, 333333, 100000, 100000, 0, 410000, 82000, 300000, 73800, 236333, 30274, 8200000, 1132407, 7067593),
      (19940109004001, '2024-06-10', 6666667, 666667, 333333, 333333, 100000, 100000, 6666667, 743333, 148666, 300000, 133800, 236333, 30274, 14866667, 1592406, 13274261),
      (19940109004001, '2024-07-10', 6666667, 666667, 333333, 333333, 100000, 100000, 0, 410000, 82000, 300000, 73800, 236333, 30274, 8200000, 1132407, 7067593),
      (19940109004001, '2024-08-10', 6666667, 666667, 333333, 333333, 100000, 100000, 0, 410000, 82000, 300000, 73800, 236333, 30274, 8200000, 1132407, 7067593),
      (19940109004001, '2024-09-10', 6666667, 666667, 333333, 333333, 100000, 100000, 0, 410000, 82000, 300000, 73800, 236333, 30274, 8200000, 1132407, 7067593),
      (19940109004001, '2024-10-10', 6666667, 666667, 333333, 333333, 100000, 100000, 0, 410000, 82000, 300000, 73800, 236333, 30274, 8200000, 1132407, 7067593),
      (19940109004001, '2024-11-10', 6666667, 666667, 333333, 333333, 100000, 100000, 0, 410000, 82000, 300000, 73800, 236333, 30274, 8200000, 1132407, 7067593),
      (19940109004001, '2024-12-10', 6666667, 666667, 333333, 333333, 100000, 100000, 6666667, 743333, 148666, 300000, 133800, 236333, 30274, 14866667, 1592406, 13274261),
      (19940109004001, '2025-01-10', 6666667, 666667, 333333, 333333, 100000, 100000, 0, 410000, 82000, 300000, 73800, 236333, 30274, 8200000, 1132407, 7067593),
      (19940109004001, '2025-02-10', 6666667, 666667, 333333, 333333, 100000, 100000, 0, 410000, 82000, 300000, 73800, 236333, 30274, 8200000, 1132407, 7067593),
      (19940109004001, '2025-03-10', 6666667, 666667, 333333, 333333, 100000, 100000, 0, 410000, 82000, 300000, 73800, 236333, 30274, 8200000, 1132407, 7067593),
      (19940109004001, '2025-04-10', 6666667, 666667, 333333, 333333, 100000, 100000, 0, 410000, 82000, 300000, 73800, 236333, 30274, 8200000, 1132407, 7067593),
      (19940109004001, '2025-05-10', 6666667, 666667, 333333, 333333, 100000, 100000, 0, 410000, 82000, 300000, 73800, 236333, 30274, 8200000, 1132407, 7067593),
      (19940109004001, '2025-06-10', 6666667, 666667, 333333, 333333, 100000, 100000, 6666667, 743333, 148666, 300000, 133800, 236333, 30274, 14866667, 1592406, 13274261),
      (19931121014001, '2024-05-10', 6666667, 666667, 333333, 333333, 100000, 100000, 0, 410000, 82000, 300000, 73800, 236333, 30274, 8200000, 1132407, 7067593),
      (19931121014001, '2024-06-10', 6666667, 666667, 333333, 333333, 100000, 100000, 6666667, 743333, 148666, 300000, 133800, 236333, 30274, 14866667, 1592406, 13274261),
      (19931121014001, '2024-07-10', 6666667, 666667, 333333, 333333, 100000, 100000, 0, 410000, 82000, 300000, 73800, 236333, 30274, 8200000, 1132407, 7067593),
      (19931121014001, '2024-08-10', 6666667, 666667, 333333, 333333, 100000, 100000, 0, 410000, 82000, 300000, 73800, 236333, 30274, 8200000, 1132407, 7067593),
      (19931121014001, '2024-09-10', 6666667, 666667, 333333, 333333, 100000, 100000, 0, 410000, 82000, 300000, 73800, 236333, 30274, 8200000, 1132407, 7067593),
      (19931121014001, '2024-10-10', 6666667, 666667, 333333, 333333, 100000, 100000, 0, 410000, 82000, 300000, 73800, 236333, 30274, 8200000, 1132407, 7067593),
      (19931121014001, '2024-11-10', 6666667, 666667, 333333, 333333, 100000, 100000, 0, 410000, 82000, 300000, 73800, 236333, 30274, 8200000, 1132407, 7067593),
      (19931121014001, '2024-12-10', 6666667, 666667, 333333, 333333, 100000, 100000, 6666667, 743333, 148666, 300000, 133800, 236333, 30274, 14866667, 1592406, 13274261),
      (19931121014001, '2025-01-10', 6666667, 666667, 333333, 333333, 100000, 100000, 0, 410000, 82000, 300000, 73800, 236333, 30274, 8200000, 1132407, 7067593),
      (19931121014001, '2025-02-10', 6666667, 666667, 333333, 333333, 100000, 100000, 0, 410000, 82000, 300000, 73800, 236333, 30274, 8200000, 1132407, 7067593),
      (19931121014001, '2025-03-10', 6666667, 666667, 333333, 333333, 100000, 100000, 0, 410000, 82000, 300000, 73800, 236333, 30274, 8200000, 1132407, 7067593),
      (19931121014001, '2025-04-10', 6666667, 666667, 333333, 333333, 100000, 100000, 0, 410000, 82000, 300000, 73800, 236333, 30274, 8200000, 1132407, 7067593),
      (19931121014001, '2025-05-10', 6666667, 666667, 333333, 333333, 100000, 100000, 0, 410000, 82000, 300000, 73800, 236333, 30274, 8200000, 1132407, 7067593),
      (19931121014001, '2025-06-10', 6666667, 666667, 333333, 333333, 100000, 100000, 6666667, 743333, 148666, 300000, 133800, 236333, 30274, 14866667, 1592406, 13274261),
      (19880409029001, '2024-05-10', 6666667, 666667, 333333, 333333, 100000, 100000, 0, 410000, 82000, 300000, 73800, 236333, 30274, 8200000, 1132407, 7067593),
      (19880409029001, '2024-06-10', 6666667, 666667, 333333, 333333, 100000, 100000, 6666667, 743333, 148666, 300000, 133800, 236333, 30274, 14866667, 1592406, 13274261),
      (19880409029001, '2024-07-10', 6666667, 666667, 333333, 333333, 100000, 100000, 0, 410000, 82000, 300000, 73800, 236333, 30274, 8200000, 1132407, 7067593),
      (19880409029001, '2024-08-10', 6666667, 666667, 333333, 333333, 100000, 100000, 0, 410000, 82000, 300000, 73800, 236333, 30274, 8200000, 1132407, 7067593),
      (19880409029001, '2024-09-10', 6666667, 666667, 333333, 333333, 100000, 100000, 0, 410000, 82000, 300000, 73800, 236333, 30274, 8200000, 1132407, 7067593),
      (19880409029001, '2024-10-10', 6666667, 666667, 333333, 333333, 100000, 100000, 0, 410000, 82000, 300000, 73800, 236333, 30274, 8200000, 1132407, 7067593),
      (19880409029001, '2024-11-10', 6666667, 666667, 333333, 333333, 100000, 100000, 0, 410000, 82000, 300000, 73800, 236333, 30274, 8200000, 1132407, 7067593),
      (19880409029001, '2024-12-10', 6666667, 666667, 333333, 333333, 100000, 100000, 6666667, 743333, 148666, 300000, 133800, 236333, 30274, 14866667, 1592406, 13274261),
      (19880409029001, '2025-01-10', 6666667, 666667, 333333, 333333, 100000, 100000, 0, 410000, 82000, 300000, 73800, 236333, 30274, 8200000, 1132407, 7067593),
      (19880409029001, '2025-02-10', 6666667, 666667, 333333, 333333, 100000, 100000, 0, 410000, 82000, 300000, 73800, 236333, 30274, 8200000, 1132407, 7067593),
      (19880409029001, '2025-03-10', 6666667, 666667, 333333, 333333, 100000, 100000, 0, 410000, 82000, 300000, 73800, 236333, 30274, 8200000, 1132407, 7067593),
      (19880409029001, '2025-04-10', 6666667, 666667, 333333, 333333, 100000, 100000, 0, 410000, 82000, 300000, 73800, 236333, 30274, 8200000, 1132407, 7067593),
      (19880409029001, '2025-05-10', 6666667, 666667, 333333, 333333, 100000, 100000, 0, 410000, 82000, 300000, 73800, 236333, 30274, 8200000, 1132407, 7067593),
      (19880409029001, '2025-06-10', 6666667, 666667, 333333, 333333, 100000, 100000, 6666667, 743333, 148666, 300000, 133800, 236333, 30274, 14866667, 1592406, 13274261),
      (19991208002001, '2024-05-10', 5416667, 541667, 270833, 270833, 100000, 100000, 0, 335000, 67000, 243750, 60299, 192020, 24597, 6700000, 922666, 5777334),
      (19991208002001, '2024-06-10', 5416667, 541667, 270833, 270833, 100000, 100000, 5416667, 605833, 121166, 243750, 109050, 192020, 24597, 12116667, 1296416, 10820251),
      (19991208002001, '2024-07-10', 5416667, 541667, 270833, 270833, 100000, 100000, 0, 335000, 67000, 243750, 60299, 192020, 24597, 6700000, 922666, 5777334),
      (19991208002001, '2024-08-10', 5416667, 541667, 270833, 270833, 100000, 100000, 0, 335000, 67000, 243750, 60299, 192020, 24597, 6700000, 922666, 5777334),
      (19991208002001, '2024-09-10', 5416667, 541667, 270833, 270833, 100000, 100000, 0, 335000, 67000, 243750, 60299, 192020, 24597, 6700000, 922666, 5777334),
      (19991208002001, '2024-10-10', 5416667, 541667, 270833, 270833, 100000, 100000, 0, 335000, 67000, 243750, 60299, 192020, 24597, 6700000, 922666, 5777334),
      (19991208002001, '2024-11-10', 5416667, 541667, 270833, 270833, 100000, 100000, 0, 335000, 67000, 243750, 60299, 192020, 24597, 6700000, 922666, 5777334),
      (19991208002001, '2024-12-10', 5416667, 541667, 270833, 270833, 100000, 100000, 5416667, 605833, 121166, 243750, 109050, 192020, 24597, 12116667, 1296416, 10820251),
      (19991208002001, '2025-01-10', 5416667, 541667, 270833, 270833, 100000, 100000, 0, 335000, 67000, 243750, 60299, 192020, 24597, 6700000, 922666, 5777334),
      (19991208002001, '2025-02-10', 5416667, 541667, 270833, 270833, 100000, 100000, 0, 335000, 67000, 243750, 60299, 192020, 24597, 6700000, 922666, 5777334),
      (19991208002001, '2025-03-10', 5416667, 541667, 270833, 270833, 100000, 100000, 0, 335000, 67000, 243750, 60299, 192020, 24597, 6700000, 922666, 5777334),
      (19991208002001, '2025-04-10', 5416667, 541667, 270833, 270833, 100000, 100000, 0, 335000, 67000, 243750, 60299, 192020, 24597, 6700000, 922666, 5777334),
      (19991208002001, '2025-05-10', 5416667, 541667, 270833, 270833, 100000, 100000, 0, 335000, 67000, 243750, 60299, 192020, 24597, 6700000, 922666, 5777334),
      (19991208002001, '2025-06-10', 5416667, 541667, 270833, 270833, 100000, 100000, 5416667, 605833, 121166, 243750, 109050, 192020, 24597, 12116667, 1296416, 10820251),
      (20020724007001, '2024-05-10', 5416667, 541667, 270833, 270833, 100000, 100000, 0, 335000, 67000, 243750, 60299, 192020, 24597, 6700000, 922666, 5777334),
      (20020724007001, '2024-06-10', 5416667, 541667, 270833, 270833, 100000, 100000, 5416667, 605833, 121166, 243750, 109050, 192020, 24597, 12116667, 1296416, 10820251),
      (20020724007001, '2024-07-10', 5416667, 541667, 270833, 270833, 100000, 100000, 0, 335000, 67000, 243750, 60299, 192020, 24597, 6700000, 922666, 5777334),
      (20020724007001, '2024-08-10', 5416667, 541667, 270833, 270833, 100000, 100000, 0, 335000, 67000, 243750, 60299, 192020, 24597, 6700000, 922666, 5777334),
      (20020724007001, '2024-09-10', 5416667, 541667, 270833, 270833, 100000, 100000, 0, 335000, 67000, 243750, 60299, 192020, 24597, 6700000, 922666, 5777334),
      (20020724007001, '2024-10-10', 5416667, 541667, 270833, 270833, 100000, 100000, 0, 335000, 67000, 243750, 60299, 192020, 24597, 6700000, 922666, 5777334),
      (20020724007001, '2024-11-10', 5416667, 541667, 270833, 270833, 100000, 100000, 0, 335000, 67000, 243750, 60299, 192020, 24597, 6700000, 922666, 5777334),
      (20020724007001, '2024-12-10', 5416667, 541667, 270833, 270833, 100000, 100000, 5416667, 605833, 121166, 243750, 109050, 192020, 24597, 12116667, 1296416, 10820251),
      (20020724007001, '2025-01-10', 5416667, 541667, 270833, 270833, 100000, 100000, 0, 335000, 67000, 243750, 60299, 192020, 24597, 6700000, 922666, 5777334),
      (20020724007001, '2025-02-10', 5416667, 541667, 270833, 270833, 100000, 100000, 0, 335000, 67000, 243750, 60299, 192020, 24597, 6700000, 922666, 5777334),
      (20020724007001, '2025-03-10', 5416667, 541667, 270833, 270833, 100000, 100000, 0, 335000, 67000, 243750, 60299, 192020, 24597, 6700000, 922666, 5777334),
      (20020724007001, '2025-04-10', 5416667, 541667, 270833, 270833, 100000, 100000, 0, 335000, 67000, 243750, 60299, 192020, 24597, 6700000, 922666, 5777334),
      (20020724007001, '2025-05-10', 5416667, 541667, 270833, 270833, 100000, 100000, 0, 335000, 67000, 243750, 60299, 192020, 24597, 6700000, 922666, 5777334),
      (20020724007001, '2025-06-10', 5416667, 541667, 270833, 270833, 100000, 100000, 5416667, 605833, 121166, 243750, 109050, 192020, 24597, 12116667, 1296416, 10820251),
      (20031214015001, '2024-05-10', 5416667, 541667, 270833, 270833, 100000, 100000, 0, 335000, 67000, 243750, 60299, 192020, 24597, 6700000, 922666, 5777334),
      (20031214015001, '2024-06-10', 5416667, 541667, 270833, 270833, 100000, 100000, 5416667, 605833, 121166, 243750, 109050, 192020, 24597, 12116667, 1296416, 10820251),
      (20031214015001, '2024-07-10', 5416667, 541667, 270833, 270833, 100000, 100000, 0, 335000, 67000, 243750, 60299, 192020, 24597, 6700000, 922666, 5777334),
      (20031214015001, '2024-08-10', 5416667, 541667, 270833, 270833, 100000, 100000, 0, 335000, 67000, 243750, 60299, 192020, 24597, 6700000, 922666, 5777334),
      (20031214015001, '2024-09-10', 5416667, 541667, 270833, 270833, 100000, 100000, 0, 335000, 67000, 243750, 60299, 192020, 24597, 6700000, 922666, 5777334),
      (20031214015001, '2024-10-10', 5416667, 541667, 270833, 270833, 100000, 100000, 0, 335000, 67000, 243750, 60299, 192020, 24597, 6700000, 922666, 5777334),
      (20031214015001, '2024-11-10', 5416667, 541667, 270833, 270833, 100000, 100000, 0, 335000, 67000, 243750, 60299, 192020, 24597, 6700000, 922666, 5777334),
      (20031214015001, '2024-12-10', 5416667, 541667, 270833, 270833, 100000, 100000, 5416667, 605833, 121166, 243750, 109050, 192020, 24597, 12116667, 1296416, 10820251),
      (20031214015001, '2025-01-10', 5416667, 541667, 270833, 270833, 100000, 100000, 0, 335000, 67000, 243750, 60299, 192020, 24597, 6700000, 922666, 5777334),
      (20031214015001, '2025-02-10', 5416667, 541667, 270833, 270833, 100000, 100000, 0, 335000, 67000, 243750, 60299, 192020, 24597, 6700000, 922666, 5777334),
      (20031214015001, '2025-03-10', 5416667, 541667, 270833, 270833, 100000, 100000, 0, 335000, 67000, 243750, 60299, 192020, 24597, 6700000, 922666, 5777334),
      (20031214015001, '2025-04-10', 5416667, 541667, 270833, 270833, 100000, 100000, 0, 335000, 67000, 243750, 60299, 192020, 24597, 6700000, 922666, 5777334),
      (20031214015001, '2025-05-10', 5416667, 541667, 270833, 270833, 100000, 100000, 0, 335000, 67000, 243750, 60299, 192020, 24597, 6700000, 922666, 5777334),
      (20031214015001, '2025-06-10', 5416667, 541667, 270833, 270833, 100000, 100000, 5416667, 605833, 121166, 243750, 109050, 192020, 24597, 12116667, 1296416, 10820251),
      (20040718021001, '2024-05-10', 5416667, 541667, 270833, 270833, 100000, 100000, 0, 335000, 67000, 243750, 60299, 192020, 24597, 6700000, 922666, 5777334),
      (20040718021001, '2024-06-10', 5416667, 541667, 270833, 270833, 100000, 100000, 5416667, 605833, 121166, 243750, 109050, 192020, 24597, 12116667, 1296416, 10820251),
      (20040718021001, '2024-07-10', 5416667, 541667, 270833, 270833, 100000, 100000, 0, 335000, 67000, 243750, 60299, 192020, 24597, 6700000, 922666, 5777334),
      (20040718021001, '2024-08-10', 5416667, 541667, 270833, 270833, 100000, 100000, 0, 335000, 67000, 243750, 60299, 192020, 24597, 6700000, 922666, 5777334),
      (20040718021001, '2024-09-10', 5416667, 541667, 270833, 270833, 100000, 100000, 0, 335000, 67000, 243750, 60299, 192020, 24597, 6700000, 922666, 5777334),
      (20040718021001, '2024-10-10', 5416667, 541667, 270833, 270833, 100000, 100000, 0, 335000, 67000, 243750, 60299, 192020, 24597, 6700000, 922666, 5777334),
      (20040718021001, '2024-11-10', 5416667, 541667, 270833, 270833, 100000, 100000, 0, 335000, 67000, 243750, 60299, 192020, 24597, 6700000, 922666, 5777334),
      (20040718021001, '2024-12-10', 5416667, 541667, 270833, 270833, 100000, 100000, 5416667, 605833, 121166, 243750, 109050, 192020, 24597, 12116667, 1296416, 10820251),
      (20040718021001, '2025-01-10', 5416667, 541667, 270833, 270833, 100000, 100000, 0, 335000, 67000, 243750, 60299, 192020, 24597, 6700000, 922666, 5777334),
      (20040718021001, '2025-02-10', 5416667, 541667, 270833, 270833, 100000, 100000, 0, 335000, 67000, 243750, 60299, 192020, 24597, 6700000, 922666, 5777334),
      (20040718021001, '2025-03-10', 5416667, 541667, 270833, 270833, 100000, 100000, 0, 335000, 67000, 243750, 60299, 192020, 24597, 6700000, 922666, 5777334),
      (20040718021001, '2025-04-10', 5416667, 541667, 270833, 270833, 100000, 100000, 0, 335000, 67000, 243750, 60299, 192020, 24597, 6700000, 922666, 5777334),
      (20040718021001, '2025-05-10', 5416667, 541667, 270833, 270833, 100000, 100000, 0, 335000, 67000, 243750, 60299, 192020, 24597, 6700000, 922666, 5777334),
      (20040718021001, '2025-06-10', 5416667, 541667, 270833, 270833, 100000, 100000, 5416667, 605833, 121166, 243750, 109050, 192020, 24597, 12116667, 1296416, 10820251),
      (19990517026001, '2024-05-10', 5416667, 541667, 270833, 270833, 100000, 100000, 0, 335000, 67000, 243750, 60299, 192020, 24597, 6700000, 922666, 5777334),
      (19990517026001, '2024-06-10', 5416667, 541667, 270833, 270833, 100000, 100000, 5416667, 605833, 121166, 243750, 109050, 192020, 24597, 12116667, 1296416, 10820251),
      (19990517026001, '2024-07-10', 5416667, 541667, 270833, 270833, 100000, 100000, 0, 335000, 67000, 243750, 60299, 192020, 24597, 6700000, 922666, 5777334),
      (19990517026001, '2024-08-10', 5416667, 541667, 270833, 270833, 100000, 100000, 0, 335000, 67000, 243750, 60299, 192020, 24597, 6700000, 922666, 5777334),
      (19990517026001, '2024-09-10', 5416667, 541667, 270833, 270833, 100000, 100000, 0, 335000, 67000, 243750, 60299, 192020, 24597, 6700000, 922666, 5777334),
      (19990517026001, '2024-10-10', 5416667, 541667, 270833, 270833, 100000, 100000, 0, 335000, 67000, 243750, 60299, 192020, 24597, 6700000, 922666, 5777334),
      (19990517026001, '2024-11-10', 5416667, 541667, 270833, 270833, 100000, 100000, 0, 335000, 67000, 243750, 60299, 192020, 24597, 6700000, 922666, 5777334),
      (19990517026001, '2024-12-10', 5416667, 541667, 270833, 270833, 100000, 100000, 5416667, 605833, 121166, 243750, 109050, 192020, 24597, 12116667, 1296416, 10820251),
      (19990517026001, '2025-01-10', 5416667, 541667, 270833, 270833, 100000, 100000, 0, 335000, 67000, 243750, 60299, 192020, 24597, 6700000, 922666, 5777334),
      (19990517026001, '2025-02-10', 5416667, 541667, 270833, 270833, 100000, 100000, 0, 335000, 67000, 243750, 60299, 192020, 24597, 6700000, 922666, 5777334),
      (19990517026001, '2025-03-10', 5416667, 541667, 270833, 270833, 100000, 100000, 0, 335000, 67000, 243750, 60299, 192020, 24597, 6700000, 922666, 5777334),
      (19990517026001, '2025-04-10', 5416667, 541667, 270833, 270833, 100000, 100000, 0, 335000, 67000, 243750, 60299, 192020, 24597, 6700000, 922666, 5777334),
      (19990517026001, '2025-05-10', 5416667, 541667, 270833, 270833, 100000, 100000, 0, 335000, 67000, 243750, 60299, 192020, 24597, 6700000, 922666, 5777334),
      (19990517026001, '2025-06-10', 5416667, 541667, 270833, 270833, 100000, 100000, 5416667, 605833, 121166, 243750, 109050, 192020, 24597, 12116667, 1296416, 10820251),
      (19960314030001, '2024-05-10', 5416667, 541667, 270833, 270833, 100000, 100000, 0, 335000, 67000, 243750, 60299, 192020, 24597, 6700000, 922666, 5777334),
      (19960314030001, '2024-06-10', 5416667, 541667, 270833, 270833, 100000, 100000, 5416667, 605833, 121166, 243750, 109050, 192020, 24597, 12116667, 1296416, 10820251),
      (19960314030001, '2024-07-10', 5416667, 541667, 270833, 270833, 100000, 100000, 0, 335000, 67000, 243750, 60299, 192020, 24597, 6700000, 922666, 5777334),
      (19960314030001, '2024-08-10', 5416667, 541667, 270833, 270833, 100000, 100000, 0, 335000, 67000, 243750, 60299, 192020, 24597, 6700000, 922666, 5777334),
      (19960314030001, '2024-09-10', 5416667, 541667, 270833, 270833, 100000, 100000, 0, 335000, 67000, 243750, 60299, 192020, 24597, 6700000, 922666, 5777334),
      (19960314030001, '2024-10-10', 5416667, 541667, 270833, 270833, 100000, 100000, 0, 335000, 67000, 243750, 60299, 192020, 24597, 6700000, 922666, 5777334),
      (19960314030001, '2024-11-10', 5416667, 541667, 270833, 270833, 100000, 100000, 0, 335000, 67000, 243750, 60299, 192020, 24597, 6700000, 922666, 5777334),
      (19960314030001, '2024-12-10', 5416667, 541667, 270833, 270833, 100000, 100000, 5416667, 605833, 121166, 243750, 109050, 192020, 24597, 12116667, 1296416, 10820251),
      (19960314030001, '2025-01-10', 5416667, 541667, 270833, 270833, 100000, 100000, 0, 335000, 67000, 243750, 60299, 192020, 24597, 6700000, 922666, 5777334),
      (19960314030001, '2025-02-10', 5416667, 541667, 270833, 270833, 100000, 100000, 0, 335000, 67000, 243750, 60299, 192020, 24597, 6700000, 922666, 5777334),
      (19960314030001, '2025-03-10', 5416667, 541667, 270833, 270833, 100000, 100000, 0, 335000, 67000, 243750, 60299, 192020, 24597, 6700000, 922666, 5777334),
      (19960314030001, '2025-04-10', 5416667, 541667, 270833, 270833, 100000, 100000, 0, 335000, 67000, 243750, 60299, 192020, 24597, 6700000, 922666, 5777334),
      (19960314030001, '2025-05-10', 5416667, 541667, 270833, 270833, 100000, 100000, 0, 335000, 67000, 243750, 60299, 192020, 24597, 6700000, 922666, 5777334),
      (19960314030001, '2025-06-10', 5416667, 541667, 270833, 270833, 100000, 100000, 5416667, 605833, 121166, 243750, 109050, 192020, 24597, 12116667, 1296416, 10820251),
      (20071010003001, '2024-05-10', 4583333, 458333, 229167, 229167, 100000, 100000, 0, 285000, 57000, 206249, 51299, 162479, 20813, 5700000, 782840, 4917160),
      (20071010003001, '2024-06-10', 4583333, 458333, 229167, 229167, 100000, 100000, 4583333, 514166, 102833, 206249, 92549, 162479, 20813, 10283333, 1099089, 9184244),
      (20071010003001, '2024-07-10', 4583333, 458333, 229167, 229167, 100000, 100000, 0, 285000, 57000, 206249, 51299, 162479, 20813, 5700000, 782840, 4917160),
      (20071010003001, '2024-08-10', 4583333, 458333, 229167, 229167, 100000, 100000, 0, 285000, 57000, 206249, 51299, 162479, 20813, 5700000, 782840, 4917160),
      (20071010003001, '2024-09-10', 4583333, 458333, 229167, 229167, 100000, 100000, 0, 285000, 57000, 206249, 51299, 162479, 20813, 5700000, 782840, 4917160),
      (20071010003001, '2024-10-10', 4583333, 458333, 229167, 229167, 100000, 100000, 0, 285000, 57000, 206249, 51299, 162479, 20813, 5700000, 782840, 4917160),
      (20071010003001, '2024-11-10', 4583333, 458333, 229167, 229167, 100000, 100000, 0, 285000, 57000, 206249, 51299, 162479, 20813, 5700000, 782840, 4917160),
      (20071010003001, '2024-12-10', 4583333, 458333, 229167, 229167, 100000, 100000, 4583333, 514166, 102833, 206249, 92549, 162479, 20813, 10283333, 1099089, 9184244),
      (20071010003001, '2025-01-10', 4583333, 458333, 229167, 229167, 100000, 100000, 0, 285000, 57000, 206249, 51299, 162479, 20813, 5700000, 782840, 4917160),
      (20071010003001, '2025-02-10', 4583333, 458333, 229167, 229167, 100000, 100000, 0, 285000, 57000, 206249, 51299, 162479, 20813, 5700000, 782840, 4917160),
      (20071010003001, '2025-03-10', 4583333, 458333, 229167, 229167, 100000, 100000, 0, 285000, 57000, 206249, 51299, 162479, 20813, 5700000, 782840, 4917160),
      (20071010003001, '2025-04-10', 4583333, 458333, 229167, 229167, 100000, 100000, 0, 285000, 57000, 206249, 51299, 162479, 20813, 5700000, 782840, 4917160),
      (20071010003001, '2025-05-10', 4583333, 458333, 229167, 229167, 100000, 100000, 0, 285000, 57000, 206249, 51299, 162479, 20813, 5700000, 782840, 4917160),
      (20071010003001, '2025-06-10', 4583333, 458333, 229167, 229167, 100000, 100000, 4583333, 514166, 102833, 206249, 92549, 162479, 20813, 10283333, 1099089, 9184244),
      (20110315004001, '2024-05-10', 4583333, 458333, 229167, 229167, 100000, 100000, 0, 285000, 57000, 206249, 51299, 162479, 20813, 5700000, 782840, 4917160),
      (20110315004001, '2024-06-10', 4583333, 458333, 229167, 229167, 100000, 100000, 4583333, 514166, 102833, 206249, 92549, 162479, 20813, 10283333, 1099089, 9184244),
      (20110315004001, '2024-07-10', 4583333, 458333, 229167, 229167, 100000, 100000, 0, 285000, 57000, 206249, 51299, 162479, 20813, 5700000, 782840, 4917160),
      (20110315004001, '2024-08-10', 4583333, 458333, 229167, 229167, 100000, 100000, 0, 285000, 57000, 206249, 51299, 162479, 20813, 5700000, 782840, 4917160),
      (20110315004001, '2024-09-10', 4583333, 458333, 229167, 229167, 100000, 100000, 0, 285000, 57000, 206249, 51299, 162479, 20813, 5700000, 782840, 4917160),
      (20110315004001, '2024-10-10', 4583333, 458333, 229167, 229167, 100000, 100000, 0, 285000, 57000, 206249, 51299, 162479, 20813, 5700000, 782840, 4917160),
      (20110315004001, '2024-11-10', 4583333, 458333, 229167, 229167, 100000, 100000, 0, 285000, 57000, 206249, 51299, 162479, 20813, 5700000, 782840, 4917160),
      (20110315004001, '2024-12-10', 4583333, 458333, 229167, 229167, 100000, 100000, 4583333, 514166, 102833, 206249, 92549, 162479, 20813, 10283333, 1099089, 9184244),
      (20110315004001, '2025-01-10', 4583333, 458333, 229167, 229167, 100000, 100000, 0, 285000, 57000, 206249, 51299, 162479, 20813, 5700000, 782840, 4917160),
      (20110315004001, '2025-02-10', 4583333, 458333, 229167, 229167, 100000, 100000, 0, 285000, 57000, 206249, 51299, 162479, 20813, 5700000, 782840, 4917160),
      (20110315004001, '2025-03-10', 4583333, 458333, 229167, 229167, 100000, 100000, 0, 285000, 57000, 206249, 51299, 162479, 20813, 5700000, 782840, 4917160),
      (20110315004001, '2025-04-10', 4583333, 458333, 229167, 229167, 100000, 100000, 0, 285000, 57000, 206249, 51299, 162479, 20813, 5700000, 782840, 4917160),
      (20110315004001, '2025-05-10', 4583333, 458333, 229167, 229167, 100000, 100000, 0, 285000, 57000, 206249, 51299, 162479, 20813, 5700000, 782840, 4917160),
      (20110315004001, '2025-06-10', 4583333, 458333, 229167, 229167, 100000, 100000, 4583333, 514166, 102833, 206249, 92549, 162479, 20813, 10283333, 1099089, 9184244),
      (20080415009001, '2024-05-10', 4583333, 458333, 229167, 229167, 100000, 100000, 0, 285000, 57000, 206249, 51299, 162479, 20813, 5700000, 782840, 4917160),
      (20080415009001, '2024-06-10', 4583333, 458333, 229167, 229167, 100000, 100000, 4583333, 514166, 102833, 206249, 92549, 162479, 20813, 10283333, 1099089, 9184244),
      (20080415009001, '2024-07-10', 4583333, 458333, 229167, 229167, 100000, 100000, 0, 285000, 57000, 206249, 51299, 162479, 20813, 5700000, 782840, 4917160),
      (20080415009001, '2024-08-10', 4583333, 458333, 229167, 229167, 100000, 100000, 0, 285000, 57000, 206249, 51299, 162479, 20813, 5700000, 782840, 4917160),
      (20080415009001, '2024-09-10', 4583333, 458333, 229167, 229167, 100000, 100000, 0, 285000, 57000, 206249, 51299, 162479, 20813, 5700000, 782840, 4917160),
      (20080415009001, '2024-10-10', 4583333, 458333, 229167, 229167, 100000, 100000, 0, 285000, 57000, 206249, 51299, 162479, 20813, 5700000, 782840, 4917160),
      (20080415009001, '2024-11-10', 4583333, 458333, 229167, 229167, 100000, 100000, 0, 285000, 57000, 206249, 51299, 162479, 20813, 5700000, 782840, 4917160),
      (20080415009001, '2024-12-10', 4583333, 458333, 229167, 229167, 100000, 100000, 4583333, 514166, 102833, 206249, 92549, 162479, 20813, 10283333, 1099089, 9184244),
      (20080415009001, '2025-01-10', 4583333, 458333, 229167, 229167, 100000, 100000, 0, 285000, 57000, 206249, 51299, 162479, 20813, 5700000, 782840, 4917160),
      (20080415009001, '2025-02-10', 4583333, 458333, 229167, 229167, 100000, 100000, 0, 285000, 57000, 206249, 51299, 162479, 20813, 5700000, 782840, 4917160),
      (20080415009001, '2025-03-10', 4583333, 458333, 229167, 229167, 100000, 100000, 0, 285000, 57000, 206249, 51299, 162479, 20813, 5700000, 782840, 4917160),
      (20080415009001, '2025-04-10', 4583333, 458333, 229167, 229167, 100000, 100000, 0, 285000, 57000, 206249, 51299, 162479, 20813, 5700000, 782840, 4917160),
      (20080415009001, '2025-05-10', 4583333, 458333, 229167, 229167, 100000, 100000, 0, 285000, 57000, 206249, 51299, 162479, 20813, 5700000, 782840, 4917160),
      (20080415009001, '2025-06-10', 4583333, 458333, 229167, 229167, 100000, 100000, 4583333, 514166, 102833, 206249, 92549, 162479, 20813, 10283333, 1099089, 9184244),
      (20070420011001, '2024-05-10', 4583333, 458333, 229167, 229167, 100000, 100000, 0, 285000, 57000, 206249, 51299, 162479, 20813, 5700000, 782840, 4917160),
      (20070420011001, '2024-06-10', 4583333, 458333, 229167, 229167, 100000, 100000, 4583333, 514166, 102833, 206249, 92549, 162479, 20813, 10283333, 1099089, 9184244),
      (20070420011001, '2024-07-10', 4583333, 458333, 229167, 229167, 100000, 100000, 0, 285000, 57000, 206249, 51299, 162479, 20813, 5700000, 782840, 4917160),
      (20070420011001, '2024-08-10', 4583333, 458333, 229167, 229167, 100000, 100000, 0, 285000, 57000, 206249, 51299, 162479, 20813, 5700000, 782840, 4917160),
      (20070420011001, '2024-09-10', 4583333, 458333, 229167, 229167, 100000, 100000, 0, 285000, 57000, 206249, 51299, 162479, 20813, 5700000, 782840, 4917160),
      (20070420011001, '2024-10-10', 4583333, 458333, 229167, 229167, 100000, 100000, 0, 285000, 57000, 206249, 51299, 162479, 20813, 5700000, 782840, 4917160),
      (20070420011001, '2024-11-10', 4583333, 458333, 229167, 229167, 100000, 100000, 0, 285000, 57000, 206249, 51299, 162479, 20813, 5700000, 782840, 4917160),
      (20070420011001, '2024-12-10', 4583333, 458333, 229167, 229167, 100000, 100000, 4583333, 514166, 102833, 206249, 92549, 162479, 20813, 10283333, 1099089, 9184244),
      (20070420011001, '2025-01-10', 4583333, 458333, 229167, 229167, 100000, 100000, 0, 285000, 57000, 206249, 51299, 162479, 20813, 5700000, 782840, 4917160),
      (20070420011001, '2025-02-10', 4583333, 458333, 229167, 229167, 100000, 100000, 0, 285000, 57000, 206249, 51299, 162479, 20813, 5700000, 782840, 4917160),
      (20070420011001, '2025-03-10', 4583333, 458333, 229167, 229167, 100000, 100000, 0, 285000, 57000, 206249, 51299, 162479, 20813, 5700000, 782840, 4917160),
      (20070420011001, '2025-04-10', 4583333, 458333, 229167, 229167, 100000, 100000, 0, 285000, 57000, 206249, 51299, 162479, 20813, 5700000, 782840, 4917160),
      (20070420011001, '2025-05-10', 4583333, 458333, 229167, 229167, 100000, 100000, 0, 285000, 57000, 206249, 51299, 162479, 20813, 5700000, 782840, 4917160),
      (20070420011001, '2025-06-10', 4583333, 458333, 229167, 229167, 100000, 100000, 4583333, 514166, 102833, 206249, 92549, 162479, 20813, 10283333, 1099089, 9184244),
      (20140816014001, '2024-05-10', 4583333, 458333, 229167, 229167, 100000, 100000, 0, 285000, 57000, 206249, 51299, 162479, 20813, 5700000, 782840, 4917160),
      (20140816014001, '2024-06-10', 4583333, 458333, 229167, 229167, 100000, 100000, 4583333, 514166, 102833, 206249, 92549, 162479, 20813, 10283333, 1099089, 9184244),
      (20140816014001, '2024-07-10', 4583333, 458333, 229167, 229167, 100000, 100000, 0, 285000, 57000, 206249, 51299, 162479, 20813, 5700000, 782840, 4917160),
      (20140816014001, '2024-08-10', 4583333, 458333, 229167, 229167, 100000, 100000, 0, 285000, 57000, 206249, 51299, 162479, 20813, 5700000, 782840, 4917160),
      (20140816014001, '2024-09-10', 4583333, 458333, 229167, 229167, 100000, 100000, 0, 285000, 57000, 206249, 51299, 162479, 20813, 5700000, 782840, 4917160),
      (20140816014001, '2024-10-10', 4583333, 458333, 229167, 229167, 100000, 100000, 0, 285000, 57000, 206249, 51299, 162479, 20813, 5700000, 782840, 4917160),
      (20140816014001, '2024-11-10', 4583333, 458333, 229167, 229167, 100000, 100000, 0, 285000, 57000, 206249, 51299, 162479, 20813, 5700000, 782840, 4917160),
      (20140816014001, '2024-12-10', 4583333, 458333, 229167, 229167, 100000, 100000, 4583333, 514166, 102833, 206249, 92549, 162479, 20813, 10283333, 1099089, 9184244),
      (20140816014001, '2025-01-10', 4583333, 458333, 229167, 229167, 100000, 100000, 0, 285000, 57000, 206249, 51299, 162479, 20813, 5700000, 782840, 4917160),
      (20140816014001, '2025-02-10', 4583333, 458333, 229167, 229167, 100000, 100000, 0, 285000, 57000, 206249, 51299, 162479, 20813, 5700000, 782840, 4917160),
      (20140816014001, '2025-03-10', 4583333, 458333, 229167, 229167, 100000, 100000, 0, 285000, 57000, 206249, 51299, 162479, 20813, 5700000, 782840, 4917160),
      (20140816014001, '2025-04-10', 4583333, 458333, 229167, 229167, 100000, 100000, 0, 285000, 57000, 206249, 51299, 162479, 20813, 5700000, 782840, 4917160),
      (20140816014001, '2025-05-10', 4583333, 458333, 229167, 229167, 100000, 100000, 0, 285000, 57000, 206249, 51299, 162479, 20813, 5700000, 782840, 4917160),
      (20140816014001, '2025-06-10', 4583333, 458333, 229167, 229167, 100000, 100000, 4583333, 514166, 102833, 206249, 92549, 162479, 20813, 10283333, 1099089, 9184244),
      (20080807020001, '2024-05-10', 4583333, 458333, 229167, 229167, 100000, 100000, 0, 285000, 57000, 206249, 51299, 162479, 20813, 5700000, 782840, 4917160),
      (20080807020001, '2024-06-10', 4583333, 458333, 229167, 229167, 100000, 100000, 4583333, 514166, 102833, 206249, 92549, 162479, 20813, 10283333, 1099089, 9184244),
      (20080807020001, '2024-07-10', 4583333, 458333, 229167, 229167, 100000, 100000, 0, 285000, 57000, 206249, 51299, 162479, 20813, 5700000, 782840, 4917160),
      (20080807020001, '2024-08-10', 4583333, 458333, 229167, 229167, 100000, 100000, 0, 285000, 57000, 206249, 51299, 162479, 20813, 5700000, 782840, 4917160),
      (20080807020001, '2024-09-10', 4583333, 458333, 229167, 229167, 100000, 100000, 0, 285000, 57000, 206249, 51299, 162479, 20813, 5700000, 782840, 4917160),
      (20080807020001, '2024-10-10', 4583333, 458333, 229167, 229167, 100000, 100000, 0, 285000, 57000, 206249, 51299, 162479, 20813, 5700000, 782840, 4917160),
      (20080807020001, '2024-11-10', 4583333, 458333, 229167, 229167, 100000, 100000, 0, 285000, 57000, 206249, 51299, 162479, 20813, 5700000, 782840, 4917160),
      (20080807020001, '2024-12-10', 4583333, 458333, 229167, 229167, 100000, 100000, 4583333, 514166, 102833, 206249, 92549, 162479, 20813, 10283333, 1099089, 9184244),
      (20080807020001, '2025-01-10', 4583333, 458333, 229167, 229167, 100000, 100000, 0, 285000, 57000, 206249, 51299, 162479, 20813, 5700000, 782840, 4917160),
      (20080807020001, '2025-02-10', 4583333, 458333, 229167, 229167, 100000, 100000, 0, 285000, 57000, 206249, 51299, 162479, 20813, 5700000, 782840, 4917160),
      (20080807020001, '2025-03-10', 4583333, 458333, 229167, 229167, 100000, 100000, 0, 285000, 57000, 206249, 51299, 162479, 20813, 5700000, 782840, 4917160),
      (20080807020001, '2025-04-10', 4583333, 458333, 229167, 229167, 100000, 100000, 0, 285000, 57000, 206249, 51299, 162479, 20813, 5700000, 782840, 4917160),
      (20080807020001, '2025-05-10', 4583333, 458333, 229167, 229167, 100000, 100000, 0, 285000, 57000, 206249, 51299, 162479, 20813, 5700000, 782840, 4917160),
      (20080807020001, '2025-06-10', 4583333, 458333, 229167, 229167, 100000, 100000, 4583333, 514166, 102833, 206249, 92549, 162479, 20813, 10283333, 1099089, 9184244),
      (20120609023001, '2024-05-10', 4583333, 458333, 229167, 229167, 100000, 100000, 0, 285000, 57000, 206249, 51299, 162479, 20813, 5700000, 782840, 4917160),
      (20120609023001, '2024-06-10', 4583333, 458333, 229167, 229167, 100000, 100000, 4583333, 514166, 102833, 206249, 92549, 162479, 20813, 10283333, 1099089, 9184244),
      (20120609023001, '2024-07-10', 4583333, 458333, 229167, 229167, 100000, 100000, 0, 285000, 57000, 206249, 51299, 162479, 20813, 5700000, 782840, 4917160),
      (20120609023001, '2024-08-10', 4583333, 458333, 229167, 229167, 100000, 100000, 0, 285000, 57000, 206249, 51299, 162479, 20813, 5700000, 782840, 4917160),
      (20120609023001, '2024-09-10', 4583333, 458333, 229167, 229167, 100000, 100000, 0, 285000, 57000, 206249, 51299, 162479, 20813, 5700000, 782840, 4917160),
      (20120609023001, '2024-10-10', 4583333, 458333, 229167, 229167, 100000, 100000, 0, 285000, 57000, 206249, 51299, 162479, 20813, 5700000, 782840, 4917160),
      (20120609023001, '2024-11-10', 4583333, 458333, 229167, 229167, 100000, 100000, 0, 285000, 57000, 206249, 51299, 162479, 20813, 5700000, 782840, 4917160),
      (20120609023001, '2024-12-10', 4583333, 458333, 229167, 229167, 100000, 100000, 4583333, 514166, 102833, 206249, 92549, 162479, 20813, 10283333, 1099089, 9184244),
      (20120609023001, '2025-01-10', 4583333, 458333, 229167, 229167, 100000, 100000, 0, 285000, 57000, 206249, 51299, 162479, 20813, 5700000, 782840, 4917160),
      (20120609023001, '2025-02-10', 4583333, 458333, 229167, 229167, 100000, 100000, 0, 285000, 57000, 206249, 51299, 162479, 20813, 5700000, 782840, 4917160),
      (20120609023001, '2025-03-10', 4583333, 458333, 229167, 229167, 100000, 100000, 0, 285000, 57000, 206249, 51299, 162479, 20813, 5700000, 782840, 4917160),
      (20120609023001, '2025-04-10', 4583333, 458333, 229167, 229167, 100000, 100000, 0, 285000, 57000, 206249, 51299, 162479, 20813, 5700000, 782840, 4917160),
      (20120609023001, '2025-05-10', 4583333, 458333, 229167, 229167, 100000, 100000, 0, 285000, 57000, 206249, 51299, 162479, 20813, 5700000, 782840, 4917160),
      (20120609023001, '2025-06-10', 4583333, 458333, 229167, 229167, 100000, 100000, 4583333, 514166, 102833, 206249, 92549, 162479, 20813, 10283333, 1099089, 9184244),
      (20110516027001, '2024-05-10', 4583333, 458333, 229167, 229167, 100000, 100000, 0, 285000, 57000, 206249, 51299, 162479, 20813, 5700000, 782840, 4917160),
      (20110516027001, '2024-06-10', 4583333, 458333, 229167, 229167, 100000, 100000, 4583333, 514166, 102833, 206249, 92549, 162479, 20813, 10283333, 1099089, 9184244),
      (20110516027001, '2024-07-10', 4583333, 458333, 229167, 229167, 100000, 100000, 0, 285000, 57000, 206249, 51299, 162479, 20813, 5700000, 782840, 4917160),
      (20110516027001, '2024-08-10', 4583333, 458333, 229167, 229167, 100000, 100000, 0, 285000, 57000, 206249, 51299, 162479, 20813, 5700000, 782840, 4917160),
      (20110516027001, '2024-09-10', 4583333, 458333, 229167, 229167, 100000, 100000, 0, 285000, 57000, 206249, 51299, 162479, 20813, 5700000, 782840, 4917160),
      (20110516027001, '2024-10-10', 4583333, 458333, 229167, 229167, 100000, 100000, 0, 285000, 57000, 206249, 51299, 162479, 20813, 5700000, 782840, 4917160),
      (20110516027001, '2024-11-10', 4583333, 458333, 229167, 229167, 100000, 100000, 0, 285000, 57000, 206249, 51299, 162479, 20813, 5700000, 782840, 4917160),
      (20110516027001, '2024-12-10', 4583333, 458333, 229167, 229167, 100000, 100000, 4583333, 514166, 102833, 206249, 92549, 162479, 20813, 10283333, 1099089, 9184244),
      (20110516027001, '2025-01-10', 4583333, 458333, 229167, 229167, 100000, 100000, 0, 285000, 57000, 206249, 51299, 162479, 20813, 5700000, 782840, 4917160),
      (20110516027001, '2025-02-10', 4583333, 458333, 229167, 229167, 100000, 100000, 0, 285000, 57000, 206249, 51299, 162479, 20813, 5700000, 782840, 4917160),
      (20110516027001, '2025-03-10', 4583333, 458333, 229167, 229167, 100000, 100000, 0, 285000, 57000, 206249, 51299, 162479, 20813, 5700000, 782840, 4917160),
      (20110516027001, '2025-04-10', 4583333, 458333, 229167, 229167, 100000, 100000, 0, 285000, 57000, 206249, 51299, 162479, 20813, 5700000, 782840, 4917160),
      (20110516027001, '2025-05-10', 4583333, 458333, 229167, 229167, 100000, 100000, 0, 285000, 57000, 206249, 51299, 162479, 20813, 5700000, 782840, 4917160),
      (20110516027001, '2025-06-10', 4583333, 458333, 229167, 229167, 100000, 100000, 4583333, 514166, 102833, 206249, 92549, 162479, 20813, 10283333, 1099089, 9184244),
      (20121215029001, '2024-05-10', 4583333, 458333, 229167, 229167, 100000, 100000, 0, 285000, 57000, 206249, 51299, 162479, 20813, 5700000, 782840, 4917160),
      (20121215029001, '2024-06-10', 4583333, 458333, 229167, 229167, 100000, 100000, 4583333, 514166, 102833, 206249, 92549, 162479, 20813, 10283333, 1099089, 9184244),
      (20121215029001, '2024-07-10', 4583333, 458333, 229167, 229167, 100000, 100000, 0, 285000, 57000, 206249, 51299, 162479, 20813, 5700000, 782840, 4917160),
      (20121215029001, '2024-08-10', 4583333, 458333, 229167, 229167, 100000, 100000, 0, 285000, 57000, 206249, 51299, 162479, 20813, 5700000, 782840, 4917160),
      (20121215029001, '2024-09-10', 4583333, 458333, 229167, 229167, 100000, 100000, 0, 285000, 57000, 206249, 51299, 162479, 20813, 5700000, 782840, 4917160),
      (20121215029001, '2024-10-10', 4583333, 458333, 229167, 229167, 100000, 100000, 0, 285000, 57000, 206249, 51299, 162479, 20813, 5700000, 782840, 4917160),
      (20121215029001, '2024-11-10', 4583333, 458333, 229167, 229167, 100000, 100000, 0, 285000, 57000, 206249, 51299, 162479, 20813, 5700000, 782840, 4917160),
      (20121215029001, '2024-12-10', 4583333, 458333, 229167, 229167, 100000, 100000, 4583333, 514166, 102833, 206249, 92549, 162479, 20813, 10283333, 1099089, 9184244),
      (20121215029001, '2025-01-10', 4583333, 458333, 229167, 229167, 100000, 100000, 0, 285000, 57000, 206249, 51299, 162479, 20813, 5700000, 782840, 4917160),
      (20121215029001, '2025-02-10', 4583333, 458333, 229167, 229167, 100000, 100000, 0, 285000, 57000, 206249, 51299, 162479, 20813, 5700000, 782840, 4917160),
      (20121215029001, '2025-03-10', 4583333, 458333, 229167, 229167, 100000, 100000, 0, 285000, 57000, 206249, 51299, 162479, 20813, 5700000, 782840, 4917160),
      (20121215029001, '2025-04-10', 4583333, 458333, 229167, 229167, 100000, 100000, 0, 285000, 57000, 206249, 51299, 162479, 20813, 5700000, 782840, 4917160),
      (20121215029001, '2025-05-10', 4583333, 458333, 229167, 229167, 100000, 100000, 0, 285000, 57000, 206249, 51299, 162479, 20813, 5700000, 782840, 4917160),
      (20121215029001, '2025-06-10', 4583333, 458333, 229167, 229167, 100000, 100000, 4583333, 514166, 102833, 206249, 92549, 162479, 20813, 10283333, 1099089, 9184244),
      (20080820030001, '2024-05-10', 4583333, 458333, 229167, 229167, 100000, 100000, 0, 285000, 57000, 206249, 51299, 162479, 20813, 5700000, 782840, 4917160),
      (20080820030001, '2024-06-10', 4583333, 458333, 229167, 229167, 100000, 100000, 4583333, 514166, 102833, 206249, 92549, 162479, 20813, 10283333, 1099089, 9184244),
      (20080820030001, '2024-07-10', 4583333, 458333, 229167, 229167, 100000, 100000, 0, 285000, 57000, 206249, 51299, 162479, 20813, 5700000, 782840, 4917160),
      (20080820030001, '2024-08-10', 4583333, 458333, 229167, 229167, 100000, 100000, 0, 285000, 57000, 206249, 51299, 162479, 20813, 5700000, 782840, 4917160),
      (20080820030001, '2024-09-10', 4583333, 458333, 229167, 229167, 100000, 100000, 0, 285000, 57000, 206249, 51299, 162479, 20813, 5700000, 782840, 4917160),
      (20080820030001, '2024-10-10', 4583333, 458333, 229167, 229167, 100000, 100000, 0, 285000, 57000, 206249, 51299, 162479, 20813, 5700000, 782840, 4917160),
      (20080820030001, '2024-11-10', 4583333, 458333, 229167, 229167, 100000, 100000, 0, 285000, 57000, 206249, 51299, 162479, 20813, 5700000, 782840, 4917160),
      (20080820030001, '2024-12-10', 4583333, 458333, 229167, 229167, 100000, 100000, 4583333, 514166, 102833, 206249, 92549, 162479, 20813, 10283333, 1099089, 9184244),
      (20080820030001, '2025-01-10', 4583333, 458333, 229167, 229167, 100000, 100000, 0, 285000, 57000, 206249, 51299, 162479, 20813, 5700000, 782840, 4917160),
      (20080820030001, '2025-02-10', 4583333, 458333, 229167, 229167, 100000, 100000, 0, 285000, 57000, 206249, 51299, 162479, 20813, 5700000, 782840, 4917160),
      (20080820030001, '2025-03-10', 4583333, 458333, 229167, 229167, 100000, 100000, 0, 285000, 57000, 206249, 51299, 162479, 20813, 5700000, 782840, 4917160),
      (20080820030001, '2025-04-10', 4583333, 458333, 229167, 229167, 100000, 100000, 0, 285000, 57000, 206249, 51299, 162479, 20813, 5700000, 782840, 4917160),
      (20080820030001, '2025-05-10', 4583333, 458333, 229167, 229167, 100000, 100000, 0, 285000, 57000, 206249, 51299, 162479, 20813, 5700000, 782840, 4917160),
      (20080820030001, '2025-06-10', 4583333, 458333, 229167, 229167, 100000, 100000, 4583333, 514166, 102833, 206249, 92549, 162479, 20813, 10283333, 1099089, 9184244),
      (20180214003001, '2024-05-10', 3750000, 375000, 187500, 187500, 100000, 100000, 0, 235000, 47000, 168750, 42300, 132937, 17029, 4700000, 643016, 4056984),
      (20180214003001, '2024-06-10', 3750000, 375000, 187500, 187500, 100000, 100000, 3750000, 422500, 84500, 168750, 76050, 132937, 17029, 8450000, 901766, 7548234),
      (20180214003001, '2024-07-10', 3750000, 375000, 187500, 187500, 100000, 100000, 0, 235000, 47000, 168750, 42300, 132937, 17029, 4700000, 643016, 4056984),
      (20180214003001, '2024-08-10', 3750000, 375000, 187500, 187500, 100000, 100000, 0, 235000, 47000, 168750, 42300, 132937, 17029, 4700000, 643016, 4056984),
      (20180214003001, '2024-09-10', 3750000, 375000, 187500, 187500, 100000, 100000, 0, 235000, 47000, 168750, 42300, 132937, 17029, 4700000, 643016, 4056984),
      (20180214003001, '2024-10-10', 3750000, 375000, 187500, 187500, 100000, 100000, 0, 235000, 47000, 168750, 42300, 132937, 17029, 4700000, 643016, 4056984),
      (20180214003001, '2024-11-10', 3750000, 375000, 187500, 187500, 100000, 100000, 0, 235000, 47000, 168750, 42300, 132937, 17029, 4700000, 643016, 4056984),
      (20180214003001, '2024-12-10', 3750000, 375000, 187500, 187500, 100000, 100000, 3750000, 422500, 84500, 168750, 76050, 132937, 17029, 8450000, 901766, 7548234),
      (20180214003001, '2025-01-10', 3750000, 375000, 187500, 187500, 100000, 100000, 0, 235000, 47000, 168750, 42300, 132937, 17029, 4700000, 643016, 4056984),
      (20180214003001, '2025-02-10', 3750000, 375000, 187500, 187500, 100000, 100000, 0, 235000, 47000, 168750, 42300, 132937, 17029, 4700000, 643016, 4056984),
      (20180214003001, '2025-03-10', 3750000, 375000, 187500, 187500, 100000, 100000, 0, 235000, 47000, 168750, 42300, 132937, 17029, 4700000, 643016, 4056984),
      (20180214003001, '2025-04-10', 3750000, 375000, 187500, 187500, 100000, 100000, 0, 235000, 47000, 168750, 42300, 132937, 17029, 4700000, 643016, 4056984),
      (20180214003001, '2025-05-10', 3750000, 375000, 187500, 187500, 100000, 100000, 0, 235000, 47000, 168750, 42300, 132937, 17029, 4700000, 643016, 4056984),
      (20180214003001, '2025-06-10', 3750000, 375000, 187500, 187500, 100000, 100000, 3750000, 422500, 84500, 168750, 76050, 132937, 17029, 8450000, 901766, 7548234),
      (20221211003001, '2024-05-10', 3750000, 375000, 187500, 187500, 100000, 100000, 0, 235000, 47000, 168750, 42300, 132937, 17029, 4700000, 643016, 4056984),
      (20221211003001, '2024-06-10', 3750000, 375000, 187500, 187500, 100000, 100000, 3750000, 422500, 84500, 168750, 76050, 132937, 17029, 8450000, 901766, 7548234),
      (20221211003001, '2024-07-10', 3750000, 375000, 187500, 187500, 100000, 100000, 0, 235000, 47000, 168750, 42300, 132937, 17029, 4700000, 643016, 4056984),
      (20221211003001, '2024-08-10', 3750000, 375000, 187500, 187500, 100000, 100000, 0, 235000, 47000, 168750, 42300, 132937, 17029, 4700000, 643016, 4056984),
      (20221211003001, '2024-09-10', 3750000, 375000, 187500, 187500, 100000, 100000, 0, 235000, 47000, 168750, 42300, 132937, 17029, 4700000, 643016, 4056984),
      (20221211003001, '2024-10-10', 3750000, 375000, 187500, 187500, 100000, 100000, 0, 235000, 47000, 168750, 42300, 132937, 17029, 4700000, 643016, 4056984),
      (20221211003001, '2024-11-10', 3750000, 375000, 187500, 187500, 100000, 100000, 0, 235000, 47000, 168750, 42300, 132937, 17029, 4700000, 643016, 4056984),
      (20221211003001, '2024-12-10', 3750000, 375000, 187500, 187500, 100000, 100000, 3750000, 422500, 84500, 168750, 76050, 132937, 17029, 8450000, 901766, 7548234),
      (20221211003001, '2025-01-10', 3750000, 375000, 187500, 187500, 100000, 100000, 0, 235000, 47000, 168750, 42300, 132937, 17029, 4700000, 643016, 4056984),
      (20221211003001, '2025-02-10', 3750000, 375000, 187500, 187500, 100000, 100000, 0, 235000, 47000, 168750, 42300, 132937, 17029, 4700000, 643016, 4056984),
      (20221211003001, '2025-03-10', 3750000, 375000, 187500, 187500, 100000, 100000, 0, 235000, 47000, 168750, 42300, 132937, 17029, 4700000, 643016, 4056984),
      (20221211003001, '2025-04-10', 3750000, 375000, 187500, 187500, 100000, 100000, 0, 235000, 47000, 168750, 42300, 132937, 17029, 4700000, 643016, 4056984),
      (20221211003001, '2025-05-10', 3750000, 375000, 187500, 187500, 100000, 100000, 0, 235000, 47000, 168750, 42300, 132937, 17029, 4700000, 643016, 4056984),
      (20221211003001, '2025-06-10', 3750000, 375000, 187500, 187500, 100000, 100000, 3750000, 422500, 84500, 168750, 76050, 132937, 17029, 8450000, 901766, 7548234),
      (20211122003001, '2024-05-10', 3750000, 375000, 187500, 187500, 100000, 100000, 0, 235000, 47000, 168750, 42300, 132937, 17029, 4700000, 643016, 4056984),
      (20211122003001, '2024-06-10', 3750000, 375000, 187500, 187500, 100000, 100000, 3750000, 422500, 84500, 168750, 76050, 132937, 17029, 8450000, 901766, 7548234),
      (20211122003001, '2024-07-10', 3750000, 375000, 187500, 187500, 100000, 100000, 0, 235000, 47000, 168750, 42300, 132937, 17029, 4700000, 643016, 4056984),
      (20211122003001, '2024-08-10', 3750000, 375000, 187500, 187500, 100000, 100000, 0, 235000, 47000, 168750, 42300, 132937, 17029, 4700000, 643016, 4056984),
      (20211122003001, '2024-09-10', 3750000, 375000, 187500, 187500, 100000, 100000, 0, 235000, 47000, 168750, 42300, 132937, 17029, 4700000, 643016, 4056984),
      (20211122003001, '2024-10-10', 3750000, 375000, 187500, 187500, 100000, 100000, 0, 235000, 47000, 168750, 42300, 132937, 17029, 4700000, 643016, 4056984),
      (20211122003001, '2024-11-10', 3750000, 375000, 187500, 187500, 100000, 100000, 0, 235000, 47000, 168750, 42300, 132937, 17029, 4700000, 643016, 4056984),
      (20211122003001, '2024-12-10', 3750000, 375000, 187500, 187500, 100000, 100000, 3750000, 422500, 84500, 168750, 76050, 132937, 17029, 8450000, 901766, 7548234),
      (20211122003001, '2025-01-10', 3750000, 375000, 187500, 187500, 100000, 100000, 0, 235000, 47000, 168750, 42300, 132937, 17029, 4700000, 643016, 4056984),
      (20211122003001, '2025-02-10', 3750000, 375000, 187500, 187500, 100000, 100000, 0, 235000, 47000, 168750, 42300, 132937, 17029, 4700000, 643016, 4056984),
      (20211122003001, '2025-03-10', 3750000, 375000, 187500, 187500, 100000, 100000, 0, 235000, 47000, 168750, 42300, 132937, 17029, 4700000, 643016, 4056984),
      (20211122003001, '2025-04-10', 3750000, 375000, 187500, 187500, 100000, 100000, 0, 235000, 47000, 168750, 42300, 132937, 17029, 4700000, 643016, 4056984),
      (20211122003001, '2025-05-10', 3750000, 375000, 187500, 187500, 100000, 100000, 0, 235000, 47000, 168750, 42300, 132937, 17029, 4700000, 643016, 4056984),
      (20211122003001, '2025-06-10', 3750000, 375000, 187500, 187500, 100000, 100000, 3750000, 422500, 84500, 168750, 76050, 132937, 17029, 8450000, 901766, 7548234),
      (20170911006001, '2024-05-10', 3750000, 375000, 187500, 187500, 100000, 100000, 0, 235000, 47000, 168750, 42300, 132937, 17029, 4700000, 643016, 4056984),
      (20170911006001, '2024-06-10', 3750000, 375000, 187500, 187500, 100000, 100000, 3750000, 422500, 84500, 168750, 76050, 132937, 17029, 8450000, 901766, 7548234),
      (20170911006001, '2024-07-10', 3750000, 375000, 187500, 187500, 100000, 100000, 0, 235000, 47000, 168750, 42300, 132937, 17029, 4700000, 643016, 4056984),
      (20170911006001, '2024-08-10', 3750000, 375000, 187500, 187500, 100000, 100000, 0, 235000, 47000, 168750, 42300, 132937, 17029, 4700000, 643016, 4056984),
      (20170911006001, '2024-09-10', 3750000, 375000, 187500, 187500, 100000, 100000, 0, 235000, 47000, 168750, 42300, 132937, 17029, 4700000, 643016, 4056984),
      (20170911006001, '2024-10-10', 3750000, 375000, 187500, 187500, 100000, 100000, 0, 235000, 47000, 168750, 42300, 132937, 17029, 4700000, 643016, 4056984),
      (20170911006001, '2024-11-10', 3750000, 375000, 187500, 187500, 100000, 100000, 0, 235000, 47000, 168750, 42300, 132937, 17029, 4700000, 643016, 4056984),
      (20170911006001, '2024-12-10', 3750000, 375000, 187500, 187500, 100000, 100000, 3750000, 422500, 84500, 168750, 76050, 132937, 17029, 8450000, 901766, 7548234),
      (20170911006001, '2025-01-10', 3750000, 375000, 187500, 187500, 100000, 100000, 0, 235000, 47000, 168750, 42300, 132937, 17029, 4700000, 643016, 4056984),
      (20170911006001, '2025-02-10', 3750000, 375000, 187500, 187500, 100000, 100000, 0, 235000, 47000, 168750, 42300, 132937, 17029, 4700000, 643016, 4056984),
      (20170911006001, '2025-03-10', 3750000, 375000, 187500, 187500, 100000, 100000, 0, 235000, 47000, 168750, 42300, 132937, 17029, 4700000, 643016, 4056984),
      (20170911006001, '2025-04-10', 3750000, 375000, 187500, 187500, 100000, 100000, 0, 235000, 47000, 168750, 42300, 132937, 17029, 4700000, 643016, 4056984),
      (20170911006001, '2025-05-10', 3750000, 375000, 187500, 187500, 100000, 100000, 0, 235000, 47000, 168750, 42300, 132937, 17029, 4700000, 643016, 4056984),
      (20170911006001, '2025-06-10', 3750000, 375000, 187500, 187500, 100000, 100000, 3750000, 422500, 84500, 168750, 76050, 132937, 17029, 8450000, 901766, 7548234),
      (20170406005001, '2024-05-10', 3750000, 375000, 187500, 187500, 100000, 100000, 0, 235000, 47000, 168750, 42300, 132937, 17029, 4700000, 643016, 4056984),
      (20170406005001, '2024-06-10', 3750000, 375000, 187500, 187500, 100000, 100000, 3750000, 422500, 84500, 168750, 76050, 132937, 17029, 8450000, 901766, 7548234),
      (20170406005001, '2024-07-10', 3750000, 375000, 187500, 187500, 100000, 100000, 0, 235000, 47000, 168750, 42300, 132937, 17029, 4700000, 643016, 4056984),
      (20170406005001, '2024-08-10', 3750000, 375000, 187500, 187500, 100000, 100000, 0, 235000, 47000, 168750, 42300, 132937, 17029, 4700000, 643016, 4056984),
      (20170406005001, '2024-09-10', 3750000, 375000, 187500, 187500, 100000, 100000, 0, 235000, 47000, 168750, 42300, 132937, 17029, 4700000, 643016, 4056984),
      (20170406005001, '2024-10-10', 3750000, 375000, 187500, 187500, 100000, 100000, 0, 235000, 47000, 168750, 42300, 132937, 17029, 4700000, 643016, 4056984),
      (20170406005001, '2024-11-10', 3750000, 375000, 187500, 187500, 100000, 100000, 0, 235000, 47000, 168750, 42300, 132937, 17029, 4700000, 643016, 4056984),
      (20170406005001, '2024-12-10', 3750000, 375000, 187500, 187500, 100000, 100000, 3750000, 422500, 84500, 168750, 76050, 132937, 17029, 8450000, 901766, 7548234),
      (20170406005001, '2025-01-10', 3750000, 375000, 187500, 187500, 100000, 100000, 0, 235000, 47000, 168750, 42300, 132937, 17029, 4700000, 643016, 4056984),
      (20170406005001, '2025-02-10', 3750000, 375000, 187500, 187500, 100000, 100000, 0, 235000, 47000, 168750, 42300, 132937, 17029, 4700000, 643016, 4056984),
      (20170406005001, '2025-03-10', 3750000, 375000, 187500, 187500, 100000, 100000, 0, 235000, 47000, 168750, 42300, 132937, 17029, 4700000, 643016, 4056984),
      (20170406005001, '2025-04-10', 3750000, 375000, 187500, 187500, 100000, 100000, 0, 235000, 47000, 168750, 42300, 132937, 17029, 4700000, 643016, 4056984),
      (20170406005001, '2025-05-10', 3750000, 375000, 187500, 187500, 100000, 100000, 0, 235000, 47000, 168750, 42300, 132937, 17029, 4700000, 643016, 4056984),
      (20170406005001, '2025-06-10', 3750000, 375000, 187500, 187500, 100000, 100000, 3750000, 422500, 84500, 168750, 76050, 132937, 17029, 8450000, 901766, 7548234),
      (20220626005001, '2024-05-10', 3750000, 375000, 187500, 187500, 100000, 100000, 0, 235000, 47000, 168750, 42300, 132937, 17029, 4700000, 643016, 4056984),
      (20220626005001, '2024-06-10', 3750000, 375000, 187500, 187500, 100000, 100000, 3750000, 422500, 84500, 168750, 76050, 132937, 17029, 8450000, 901766, 7548234),
      (20220626005001, '2024-07-10', 3750000, 375000, 187500, 187500, 100000, 100000, 0, 235000, 47000, 168750, 42300, 132937, 17029, 4700000, 643016, 4056984),
      (20220626005001, '2024-08-10', 3750000, 375000, 187500, 187500, 100000, 100000, 0, 235000, 47000, 168750, 42300, 132937, 17029, 4700000, 643016, 4056984),
      (20220626005001, '2024-09-10', 3750000, 375000, 187500, 187500, 100000, 100000, 0, 235000, 47000, 168750, 42300, 132937, 17029, 4700000, 643016, 4056984),
      (20220626005001, '2024-10-10', 3750000, 375000, 187500, 187500, 100000, 100000, 0, 235000, 47000, 168750, 42300, 132937, 17029, 4700000, 643016, 4056984),
      (20220626005001, '2024-11-10', 3750000, 375000, 187500, 187500, 100000, 100000, 0, 235000, 47000, 168750, 42300, 132937, 17029, 4700000, 643016, 4056984),
      (20220626005001, '2024-12-10', 3750000, 375000, 187500, 187500, 100000, 100000, 3750000, 422500, 84500, 168750, 76050, 132937, 17029, 8450000, 901766, 7548234),
      (20220626005001, '2025-01-10', 3750000, 375000, 187500, 187500, 100000, 100000, 0, 235000, 47000, 168750, 42300, 132937, 17029, 4700000, 643016, 4056984),
      (20220626005001, '2025-02-10', 3750000, 375000, 187500, 187500, 100000, 100000, 0, 235000, 47000, 168750, 42300, 132937, 17029, 4700000, 643016, 4056984),
      (20220626005001, '2025-03-10', 3750000, 375000, 187500, 187500, 100000, 100000, 0, 235000, 47000, 168750, 42300, 132937, 17029, 4700000, 643016, 4056984),
      (20220626005001, '2025-04-10', 3750000, 375000, 187500, 187500, 100000, 100000, 0, 235000, 47000, 168750, 42300, 132937, 17029, 4700000, 643016, 4056984),
      (20220626005001, '2025-05-10', 3750000, 375000, 187500, 187500, 100000, 100000, 0, 235000, 47000, 168750, 42300, 132937, 17029, 4700000, 643016, 4056984),
      (20220626005001, '2025-06-10', 3750000, 375000, 187500, 187500, 100000, 100000, 3750000, 422500, 84500, 168750, 76050, 132937, 17029, 8450000, 901766, 7548234),
      (20210726006001, '2024-05-10', 3750000, 375000, 187500, 187500, 100000, 100000, 0, 235000, 47000, 168750, 42300, 132937, 17029, 4700000, 643016, 4056984),
      (20210726006001, '2024-06-10', 3750000, 375000, 187500, 187500, 100000, 100000, 3750000, 422500, 84500, 168750, 76050, 132937, 17029, 8450000, 901766, 7548234),
      (20210726006001, '2024-07-10', 3750000, 375000, 187500, 187500, 100000, 100000, 0, 235000, 47000, 168750, 42300, 132937, 17029, 4700000, 643016, 4056984),
      (20210726006001, '2024-08-10', 3750000, 375000, 187500, 187500, 100000, 100000, 0, 235000, 47000, 168750, 42300, 132937, 17029, 4700000, 643016, 4056984),
      (20210726006001, '2024-09-10', 3750000, 375000, 187500, 187500, 100000, 100000, 0, 235000, 47000, 168750, 42300, 132937, 17029, 4700000, 643016, 4056984),
      (20210726006001, '2024-10-10', 3750000, 375000, 187500, 187500, 100000, 100000, 0, 235000, 47000, 168750, 42300, 132937, 17029, 4700000, 643016, 4056984),
      (20210726006001, '2024-11-10', 3750000, 375000, 187500, 187500, 100000, 100000, 0, 235000, 47000, 168750, 42300, 132937, 17029, 4700000, 643016, 4056984),
      (20210726006001, '2024-12-10', 3750000, 375000, 187500, 187500, 100000, 100000, 3750000, 422500, 84500, 168750, 76050, 132937, 17029, 8450000, 901766, 7548234),
      (20210726006001, '2025-01-10', 3750000, 375000, 187500, 187500, 100000, 100000, 0, 235000, 47000, 168750, 42300, 132937, 17029, 4700000, 643016, 4056984),
      (20210726006001, '2025-02-10', 3750000, 375000, 187500, 187500, 100000, 100000, 0, 235000, 47000, 168750, 42300, 132937, 17029, 4700000, 643016, 4056984),
      (20210726006001, '2025-03-10', 3750000, 375000, 187500, 187500, 100000, 100000, 0, 235000, 47000, 168750, 42300, 132937, 17029, 4700000, 643016, 4056984),
      (20210726006001, '2025-04-10', 3750000, 375000, 187500, 187500, 100000, 100000, 0, 235000, 47000, 168750, 42300, 132937, 17029, 4700000, 643016, 4056984),
      (20210726006001, '2025-05-10', 3750000, 375000, 187500, 187500, 100000, 100000, 0, 235000, 47000, 168750, 42300, 132937, 17029, 4700000, 643016, 4056984),
      (20210726006001, '2025-06-10', 3750000, 375000, 187500, 187500, 100000, 100000, 3750000, 422500, 84500, 168750, 76050, 132937, 17029, 8450000, 901766, 7548234),
      (20181023009001, '2024-05-10', 3750000, 375000, 187500, 187500, 100000, 100000, 0, 235000, 47000, 168750, 42300, 132937, 17029, 4700000, 643016, 4056984),
      (20181023009001, '2024-06-10', 3750000, 375000, 187500, 187500, 100000, 100000, 3750000, 422500, 84500, 168750, 76050, 132937, 17029, 8450000, 901766, 7548234),
      (20181023009001, '2024-07-10', 3750000, 375000, 187500, 187500, 100000, 100000, 0, 235000, 47000, 168750, 42300, 132937, 17029, 4700000, 643016, 4056984),
      (20181023009001, '2024-08-10', 3750000, 375000, 187500, 187500, 100000, 100000, 0, 235000, 47000, 168750, 42300, 132937, 17029, 4700000, 643016, 4056984),
      (20181023009001, '2024-09-10', 3750000, 375000, 187500, 187500, 100000, 100000, 0, 235000, 47000, 168750, 42300, 132937, 17029, 4700000, 643016, 4056984),
      (20181023009001, '2024-10-10', 3750000, 375000, 187500, 187500, 100000, 100000, 0, 235000, 47000, 168750, 42300, 132937, 17029, 4700000, 643016, 4056984),
      (20181023009001, '2024-11-10', 3750000, 375000, 187500, 187500, 100000, 100000, 0, 235000, 47000, 168750, 42300, 132937, 17029, 4700000, 643016, 4056984),
      (20181023009001, '2024-12-10', 3750000, 375000, 187500, 187500, 100000, 100000, 3750000, 422500, 84500, 168750, 76050, 132937, 17029, 8450000, 901766, 7548234),
      (20181023009001, '2025-01-10', 3750000, 375000, 187500, 187500, 100000, 100000, 0, 235000, 47000, 168750, 42300, 132937, 17029, 4700000, 643016, 4056984),
      (20181023009001, '2025-02-10', 3750000, 375000, 187500, 187500, 100000, 100000, 0, 235000, 47000, 168750, 42300, 132937, 17029, 4700000, 643016, 4056984),
      (20181023009001, '2025-03-10', 3750000, 375000, 187500, 187500, 100000, 100000, 0, 235000, 47000, 168750, 42300, 132937, 17029, 4700000, 643016, 4056984),
      (20181023009001, '2025-04-10', 3750000, 375000, 187500, 187500, 100000, 100000, 0, 235000, 47000, 168750, 42300, 132937, 17029, 4700000, 643016, 4056984),
      (20181023009001, '2025-05-10', 3750000, 375000, 187500, 187500, 100000, 100000, 0, 235000, 47000, 168750, 42300, 132937, 17029, 4700000, 643016, 4056984),
      (20181023009001, '2025-06-10', 3750000, 375000, 187500, 187500, 100000, 100000, 3750000, 422500, 84500, 168750, 76050, 132937, 17029, 8450000, 901766, 7548234),
      (20170602007001, '2024-05-10', 3750000, 375000, 187500, 187500, 100000, 100000, 0, 235000, 47000, 168750, 42300, 132937, 17029, 4700000, 643016, 4056984),
      (20170602007001, '2024-06-10', 3750000, 375000, 187500, 187500, 100000, 100000, 3750000, 422500, 84500, 168750, 76050, 132937, 17029, 8450000, 901766, 7548234),
      (20170602007001, '2024-07-10', 3750000, 375000, 187500, 187500, 100000, 100000, 0, 235000, 47000, 168750, 42300, 132937, 17029, 4700000, 643016, 4056984),
      (20170602007001, '2024-08-10', 3750000, 375000, 187500, 187500, 100000, 100000, 0, 235000, 47000, 168750, 42300, 132937, 17029, 4700000, 643016, 4056984),
      (20170602007001, '2024-09-10', 3750000, 375000, 187500, 187500, 100000, 100000, 0, 235000, 47000, 168750, 42300, 132937, 17029, 4700000, 643016, 4056984),
      (20170602007001, '2024-10-10', 3750000, 375000, 187500, 187500, 100000, 100000, 0, 235000, 47000, 168750, 42300, 132937, 17029, 4700000, 643016, 4056984),
      (20170602007001, '2024-11-10', 3750000, 375000, 187500, 187500, 100000, 100000, 0, 235000, 47000, 168750, 42300, 132937, 17029, 4700000, 643016, 4056984),
      (20170602007001, '2024-12-10', 3750000, 375000, 187500, 187500, 100000, 100000, 3750000, 422500, 84500, 168750, 76050, 132937, 17029, 8450000, 901766, 7548234),
      (20170602007001, '2025-01-10', 3750000, 375000, 187500, 187500, 100000, 100000, 0, 235000, 47000, 168750, 42300, 132937, 17029, 4700000, 643016, 4056984),
      (20170602007001, '2025-02-10', 3750000, 375000, 187500, 187500, 100000, 100000, 0, 235000, 47000, 168750, 42300, 132937, 17029, 4700000, 643016, 4056984),
      (20170602007001, '2025-03-10', 3750000, 375000, 187500, 187500, 100000, 100000, 0, 235000, 47000, 168750, 42300, 132937, 17029, 4700000, 643016, 4056984),
      (20170602007001, '2025-04-10', 3750000, 375000, 187500, 187500, 100000, 100000, 0, 235000, 47000, 168750, 42300, 132937, 17029, 4700000, 643016, 4056984),
      (20170602007001, '2025-05-10', 3750000, 375000, 187500, 187500, 100000, 100000, 0, 235000, 47000, 168750, 42300, 132937, 17029, 4700000, 643016, 4056984),
      (20170602007001, '2025-06-10', 3750000, 375000, 187500, 187500, 100000, 100000, 3750000, 422500, 84500, 168750, 76050, 132937, 17029, 8450000, 901766, 7548234),
      (20200715010001, '2024-05-10', 3750000, 375000, 187500, 187500, 100000, 100000, 0, 235000, 47000, 168750, 42300, 132937, 17029, 4700000, 643016, 4056984),
      (20200715010001, '2024-06-10', 3750000, 375000, 187500, 187500, 100000, 100000, 3750000, 422500, 84500, 168750, 76050, 132937, 17029, 8450000, 901766, 7548234),
      (20200715010001, '2024-07-10', 3750000, 375000, 187500, 187500, 100000, 100000, 0, 235000, 47000, 168750, 42300, 132937, 17029, 4700000, 643016, 4056984),
      (20200715010001, '2024-08-10', 3750000, 375000, 187500, 187500, 100000, 100000, 0, 235000, 47000, 168750, 42300, 132937, 17029, 4700000, 643016, 4056984),
      (20200715010001, '2024-09-10', 3750000, 375000, 187500, 187500, 100000, 100000, 0, 235000, 47000, 168750, 42300, 132937, 17029, 4700000, 643016, 4056984),
      (20200715010001, '2024-10-10', 3750000, 375000, 187500, 187500, 100000, 100000, 0, 235000, 47000, 168750, 42300, 132937, 17029, 4700000, 643016, 4056984),
      (20200715010001, '2024-11-10', 3750000, 375000, 187500, 187500, 100000, 100000, 0, 235000, 47000, 168750, 42300, 132937, 17029, 4700000, 643016, 4056984),
      (20200715010001, '2024-12-10', 3750000, 375000, 187500, 187500, 100000, 100000, 3750000, 422500, 84500, 168750, 76050, 132937, 17029, 8450000, 901766, 7548234),
      (20200715010001, '2025-01-10', 3750000, 375000, 187500, 187500, 100000, 100000, 0, 235000, 47000, 168750, 42300, 132937, 17029, 4700000, 643016, 4056984),
      (20200715010001, '2025-02-10', 3750000, 375000, 187500, 187500, 100000, 100000, 0, 235000, 47000, 168750, 42300, 132937, 17029, 4700000, 643016, 4056984),
      (20200715010001, '2025-03-10', 3750000, 375000, 187500, 187500, 100000, 100000, 0, 235000, 47000, 168750, 42300, 132937, 17029, 4700000, 643016, 4056984),
      (20200715010001, '2025-04-10', 3750000, 375000, 187500, 187500, 100000, 100000, 0, 235000, 47000, 168750, 42300, 132937, 17029, 4700000, 643016, 4056984),
      (20200715010001, '2025-05-10', 3750000, 375000, 187500, 187500, 100000, 100000, 0, 235000, 47000, 168750, 42300, 132937, 17029, 4700000, 643016, 4056984),
      (20200715010001, '2025-06-10', 3750000, 375000, 187500, 187500, 100000, 100000, 3750000, 422500, 84500, 168750, 76050, 132937, 17029, 8450000, 901766, 7548234),
      (20191216014001, '2024-05-10', 3750000, 375000, 187500, 187500, 100000, 100000, 0, 235000, 47000, 168750, 42300, 132937, 17029, 4700000, 643016, 4056984),
      (20191216014001, '2024-06-10', 3750000, 375000, 187500, 187500, 100000, 100000, 3750000, 422500, 84500, 168750, 76050, 132937, 17029, 8450000, 901766, 7548234),
      (20191216014001, '2024-07-10', 3750000, 375000, 187500, 187500, 100000, 100000, 0, 235000, 47000, 168750, 42300, 132937, 17029, 4700000, 643016, 4056984),
      (20191216014001, '2024-08-10', 3750000, 375000, 187500, 187500, 100000, 100000, 0, 235000, 47000, 168750, 42300, 132937, 17029, 4700000, 643016, 4056984),
      (20191216014001, '2024-09-10', 3750000, 375000, 187500, 187500, 100000, 100000, 0, 235000, 47000, 168750, 42300, 132937, 17029, 4700000, 643016, 4056984),
      (20191216014001, '2024-10-10', 3750000, 375000, 187500, 187500, 100000, 100000, 0, 235000, 47000, 168750, 42300, 132937, 17029, 4700000, 643016, 4056984),
      (20191216014001, '2024-11-10', 3750000, 375000, 187500, 187500, 100000, 100000, 0, 235000, 47000, 168750, 42300, 132937, 17029, 4700000, 643016, 4056984),
      (20191216014001, '2024-12-10', 3750000, 375000, 187500, 187500, 100000, 100000, 3750000, 422500, 84500, 168750, 76050, 132937, 17029, 8450000, 901766, 7548234),
      (20191216014001, '2025-01-10', 3750000, 375000, 187500, 187500, 100000, 100000, 0, 235000, 47000, 168750, 42300, 132937, 17029, 4700000, 643016, 4056984),
      (20191216014001, '2025-02-10', 3750000, 375000, 187500, 187500, 100000, 100000, 0, 235000, 47000, 168750, 42300, 132937, 17029, 4700000, 643016, 4056984),
      (20191216014001, '2025-03-10', 3750000, 375000, 187500, 187500, 100000, 100000, 0, 235000, 47000, 168750, 42300, 132937, 17029, 4700000, 643016, 4056984),
      (20191216014001, '2025-04-10', 3750000, 375000, 187500, 187500, 100000, 100000, 0, 235000, 47000, 168750, 42300, 132937, 17029, 4700000, 643016, 4056984),
      (20191216014001, '2025-05-10', 3750000, 375000, 187500, 187500, 100000, 100000, 0, 235000, 47000, 168750, 42300, 132937, 17029, 4700000, 643016, 4056984),
      (20191216014001, '2025-06-10', 3750000, 375000, 187500, 187500, 100000, 100000, 3750000, 422500, 84500, 168750, 76050, 132937, 17029, 8450000, 901766, 7548234),
      (20070601016001, '2024-05-10', 3750000, 375000, 187500, 187500, 100000, 100000, 0, 235000, 47000, 168750, 42300, 132937, 17029, 4700000, 643016, 4056984),
      (20070601016001, '2024-06-10', 3750000, 375000, 187500, 187500, 100000, 100000, 3750000, 422500, 84500, 168750, 76050, 132937, 17029, 8450000, 901766, 7548234),
      (20070601016001, '2024-07-10', 3750000, 375000, 187500, 187500, 100000, 100000, 0, 235000, 47000, 168750, 42300, 132937, 17029, 4700000, 643016, 4056984),
      (20070601016001, '2024-08-10', 3750000, 375000, 187500, 187500, 100000, 100000, 0, 235000, 47000, 168750, 42300, 132937, 17029, 4700000, 643016, 4056984),
      (20070601016001, '2024-09-10', 3750000, 375000, 187500, 187500, 100000, 100000, 0, 235000, 47000, 168750, 42300, 132937, 17029, 4700000, 643016, 4056984),
      (20070601016001, '2024-10-10', 3750000, 375000, 187500, 187500, 100000, 100000, 0, 235000, 47000, 168750, 42300, 132937, 17029, 4700000, 643016, 4056984),
      (20070601016001, '2024-11-10', 3750000, 375000, 187500, 187500, 100000, 100000, 0, 235000, 47000, 168750, 42300, 132937, 17029, 4700000, 643016, 4056984),
      (20070601016001, '2024-12-10', 3750000, 375000, 187500, 187500, 100000, 100000, 3750000, 422500, 84500, 168750, 76050, 132937, 17029, 8450000, 901766, 7548234),
      (20070601016001, '2025-01-10', 3750000, 375000, 187500, 187500, 100000, 100000, 0, 235000, 47000, 168750, 42300, 132937, 17029, 4700000, 643016, 4056984),
      (20070601016001, '2025-02-10', 3750000, 375000, 187500, 187500, 100000, 100000, 0, 235000, 47000, 168750, 42300, 132937, 17029, 4700000, 643016, 4056984),
      (20070601016001, '2025-03-10', 3750000, 375000, 187500, 187500, 100000, 100000, 0, 235000, 47000, 168750, 42300, 132937, 17029, 4700000, 643016, 4056984),
      (20070601016001, '2025-04-10', 3750000, 375000, 187500, 187500, 100000, 100000, 0, 235000, 47000, 168750, 42300, 132937, 17029, 4700000, 643016, 4056984),
      (20070601016001, '2025-05-10', 3750000, 375000, 187500, 187500, 100000, 100000, 0, 235000, 47000, 168750, 42300, 132937, 17029, 4700000, 643016, 4056984),
      (20070601016001, '2025-06-10', 3750000, 375000, 187500, 187500, 100000, 100000, 3750000, 422500, 84500, 168750, 76050, 132937, 17029, 8450000, 901766, 7548234),
      (20191101018001, '2024-05-10', 3750000, 375000, 187500, 187500, 100000, 100000, 0, 235000, 47000, 168750, 42300, 132937, 17029, 4700000, 643016, 4056984),
      (20191101018001, '2024-06-10', 3750000, 375000, 187500, 187500, 100000, 100000, 3750000, 422500, 84500, 168750, 76050, 132937, 17029, 8450000, 901766, 7548234),
      (20191101018001, '2024-07-10', 3750000, 375000, 187500, 187500, 100000, 100000, 0, 235000, 47000, 168750, 42300, 132937, 17029, 4700000, 643016, 4056984),
      (20191101018001, '2024-08-10', 3750000, 375000, 187500, 187500, 100000, 100000, 0, 235000, 47000, 168750, 42300, 132937, 17029, 4700000, 643016, 4056984),
      (20191101018001, '2024-09-10', 3750000, 375000, 187500, 187500, 100000, 100000, 0, 235000, 47000, 168750, 42300, 132937, 17029, 4700000, 643016, 4056984),
      (20191101018001, '2024-10-10', 3750000, 375000, 187500, 187500, 100000, 100000, 0, 235000, 47000, 168750, 42300, 132937, 17029, 4700000, 643016, 4056984),
      (20191101018001, '2024-11-10', 3750000, 375000, 187500, 187500, 100000, 100000, 0, 235000, 47000, 168750, 42300, 132937, 17029, 4700000, 643016, 4056984),
      (20191101018001, '2024-12-10', 3750000, 375000, 187500, 187500, 100000, 100000, 3750000, 422500, 84500, 168750, 76050, 132937, 17029, 8450000, 901766, 7548234),
      (20191101018001, '2025-01-10', 3750000, 375000, 187500, 187500, 100000, 100000, 0, 235000, 47000, 168750, 42300, 132937, 17029, 4700000, 643016, 4056984),
      (20191101018001, '2025-02-10', 3750000, 375000, 187500, 187500, 100000, 100000, 0, 235000, 47000, 168750, 42300, 132937, 17029, 4700000, 643016, 4056984),
      (20191101018001, '2025-03-10', 3750000, 375000, 187500, 187500, 100000, 100000, 0, 235000, 47000, 168750, 42300, 132937, 17029, 4700000, 643016, 4056984),
      (20191101018001, '2025-04-10', 3750000, 375000, 187500, 187500, 100000, 100000, 0, 235000, 47000, 168750, 42300, 132937, 17029, 4700000, 643016, 4056984),
      (20191101018001, '2025-05-10', 3750000, 375000, 187500, 187500, 100000, 100000, 0, 235000, 47000, 168750, 42300, 132937, 17029, 4700000, 643016, 4056984),
      (20191101018001, '2025-06-10', 3750000, 375000, 187500, 187500, 100000, 100000, 3750000, 422500, 84500, 168750, 76050, 132937, 17029, 8450000, 901766, 7548234),
      (20170226016001, '2024-05-10', 3750000, 375000, 187500, 187500, 100000, 100000, 0, 235000, 47000, 168750, 42300, 132937, 17029, 4700000, 643016, 4056984),
      (20170226016001, '2024-06-10', 3750000, 375000, 187500, 187500, 100000, 100000, 3750000, 422500, 84500, 168750, 76050, 132937, 17029, 8450000, 901766, 7548234),
      (20170226016001, '2024-07-10', 3750000, 375000, 187500, 187500, 100000, 100000, 0, 235000, 47000, 168750, 42300, 132937, 17029, 4700000, 643016, 4056984),
      (20170226016001, '2024-08-10', 3750000, 375000, 187500, 187500, 100000, 100000, 0, 235000, 47000, 168750, 42300, 132937, 17029, 4700000, 643016, 4056984),
      (20170226016001, '2024-09-10', 3750000, 375000, 187500, 187500, 100000, 100000, 0, 235000, 47000, 168750, 42300, 132937, 17029, 4700000, 643016, 4056984),
      (20170226016001, '2024-10-10', 3750000, 375000, 187500, 187500, 100000, 100000, 0, 235000, 47000, 168750, 42300, 132937, 17029, 4700000, 643016, 4056984),
      (20170226016001, '2024-11-10', 3750000, 375000, 187500, 187500, 100000, 100000, 0, 235000, 47000, 168750, 42300, 132937, 17029, 4700000, 643016, 4056984),
      (20170226016001, '2024-12-10', 3750000, 375000, 187500, 187500, 100000, 100000, 3750000, 422500, 84500, 168750, 76050, 132937, 17029, 8450000, 901766, 7548234),
      (20170226016001, '2025-01-10', 3750000, 375000, 187500, 187500, 100000, 100000, 0, 235000, 47000, 168750, 42300, 132937, 17029, 4700000, 643016, 4056984),
      (20170226016001, '2025-02-10', 3750000, 375000, 187500, 187500, 100000, 100000, 0, 235000, 47000, 168750, 42300, 132937, 17029, 4700000, 643016, 4056984),
      (20170226016001, '2025-03-10', 3750000, 375000, 187500, 187500, 100000, 100000, 0, 235000, 47000, 168750, 42300, 132937, 17029, 4700000, 643016, 4056984),
      (20170226016001, '2025-04-10', 3750000, 375000, 187500, 187500, 100000, 100000, 0, 235000, 47000, 168750, 42300, 132937, 17029, 4700000, 643016, 4056984),
      (20170226016001, '2025-05-10', 3750000, 375000, 187500, 187500, 100000, 100000, 0, 235000, 47000, 168750, 42300, 132937, 17029, 4700000, 643016, 4056984),
      (20170226016001, '2025-06-10', 3750000, 375000, 187500, 187500, 100000, 100000, 3750000, 422500, 84500, 168750, 76050, 132937, 17029, 8450000, 901766, 7548234),
      (20201004019001, '2024-05-10', 3750000, 375000, 187500, 187500, 100000, 100000, 0, 235000, 47000, 168750, 42300, 132937, 17029, 4700000, 643016, 4056984),
      (20201004019001, '2024-06-10', 3750000, 375000, 187500, 187500, 100000, 100000, 3750000, 422500, 84500, 168750, 76050, 132937, 17029, 8450000, 901766, 7548234),
      (20201004019001, '2024-07-10', 3750000, 375000, 187500, 187500, 100000, 100000, 0, 235000, 47000, 168750, 42300, 132937, 17029, 4700000, 643016, 4056984),
      (20201004019001, '2024-08-10', 3750000, 375000, 187500, 187500, 100000, 100000, 0, 235000, 47000, 168750, 42300, 132937, 17029, 4700000, 643016, 4056984),
      (20201004019001, '2024-09-10', 3750000, 375000, 187500, 187500, 100000, 100000, 0, 235000, 47000, 168750, 42300, 132937, 17029, 4700000, 643016, 4056984),
      (20201004019001, '2024-10-10', 3750000, 375000, 187500, 187500, 100000, 100000, 0, 235000, 47000, 168750, 42300, 132937, 17029, 4700000, 643016, 4056984),
      (20201004019001, '2024-11-10', 3750000, 375000, 187500, 187500, 100000, 100000, 0, 235000, 47000, 168750, 42300, 132937, 17029, 4700000, 643016, 4056984),
      (20201004019001, '2024-12-10', 3750000, 375000, 187500, 187500, 100000, 100000, 3750000, 422500, 84500, 168750, 76050, 132937, 17029, 8450000, 901766, 7548234),
      (20201004019001, '2025-01-10', 3750000, 375000, 187500, 187500, 100000, 100000, 0, 235000, 47000, 168750, 42300, 132937, 17029, 4700000, 643016, 4056984),
      (20201004019001, '2025-02-10', 3750000, 375000, 187500, 187500, 100000, 100000, 0, 235000, 47000, 168750, 42300, 132937, 17029, 4700000, 643016, 4056984),
      (20201004019001, '2025-03-10', 3750000, 375000, 187500, 187500, 100000, 100000, 0, 235000, 47000, 168750, 42300, 132937, 17029, 4700000, 643016, 4056984),
      (20201004019001, '2025-04-10', 3750000, 375000, 187500, 187500, 100000, 100000, 0, 235000, 47000, 168750, 42300, 132937, 17029, 4700000, 643016, 4056984),
      (20201004019001, '2025-05-10', 3750000, 375000, 187500, 187500, 100000, 100000, 0, 235000, 47000, 168750, 42300, 132937, 17029, 4700000, 643016, 4056984),
      (20201004019001, '2025-06-10', 3750000, 375000, 187500, 187500, 100000, 100000, 3750000, 422500, 84500, 168750, 76050, 132937, 17029, 8450000, 901766, 7548234),
      (20240226020001, '2024-05-10', 3750000, 375000, 187500, 187500, 100000, 100000, 0, 235000, 47000, 168750, 42300, 132937, 17029, 4700000, 643016, 4056984),
      (20240226020001, '2024-06-10', 3750000, 375000, 187500, 187500, 100000, 100000, 3750000, 422500, 84500, 168750, 76050, 132937, 17029, 8450000, 901766, 7548234),
      (20240226020001, '2024-07-10', 3750000, 375000, 187500, 187500, 100000, 100000, 0, 235000, 47000, 168750, 42300, 132937, 17029, 4700000, 643016, 4056984),
      (20240226020001, '2024-08-10', 3750000, 375000, 187500, 187500, 100000, 100000, 0, 235000, 47000, 168750, 42300, 132937, 17029, 4700000, 643016, 4056984),
      (20240226020001, '2024-09-10', 3750000, 375000, 187500, 187500, 100000, 100000, 0, 235000, 47000, 168750, 42300, 132937, 17029, 4700000, 643016, 4056984),
      (20240226020001, '2024-10-10', 3750000, 375000, 187500, 187500, 100000, 100000, 0, 235000, 47000, 168750, 42300, 132937, 17029, 4700000, 643016, 4056984),
      (20240226020001, '2024-11-10', 3750000, 375000, 187500, 187500, 100000, 100000, 0, 235000, 47000, 168750, 42300, 132937, 17029, 4700000, 643016, 4056984),
      (20240226020001, '2024-12-10', 3750000, 375000, 187500, 187500, 100000, 100000, 3750000, 422500, 84500, 168750, 76050, 132937, 17029, 8450000, 901766, 7548234),
      (20240226020001, '2025-01-10', 3750000, 375000, 187500, 187500, 100000, 100000, 0, 235000, 47000, 168750, 42300, 132937, 17029, 4700000, 643016, 4056984),
      (20240226020001, '2025-02-10', 3750000, 375000, 187500, 187500, 100000, 100000, 0, 235000, 47000, 168750, 42300, 132937, 17029, 4700000, 643016, 4056984),
      (20240226020001, '2025-03-10', 3750000, 375000, 187500, 187500, 100000, 100000, 0, 235000, 47000, 168750, 42300, 132937, 17029, 4700000, 643016, 4056984),
      (20240226020001, '2025-04-10', 3750000, 375000, 187500, 187500, 100000, 100000, 0, 235000, 47000, 168750, 42300, 132937, 17029, 4700000, 643016, 4056984),
      (20240226020001, '2025-05-10', 3750000, 375000, 187500, 187500, 100000, 100000, 0, 235000, 47000, 168750, 42300, 132937, 17029, 4700000, 643016, 4056984),
      (20240226020001, '2025-06-10', 3750000, 375000, 187500, 187500, 100000, 100000, 3750000, 422500, 84500, 168750, 76050, 132937, 17029, 8450000, 901766, 7548234),
      (20200618019001, '2024-05-10', 3750000, 375000, 187500, 187500, 100000, 100000, 0, 235000, 47000, 168750, 42300, 132937, 17029, 4700000, 643016, 4056984),
      (20200618019001, '2024-06-10', 3750000, 375000, 187500, 187500, 100000, 100000, 3750000, 422500, 84500, 168750, 76050, 132937, 17029, 8450000, 901766, 7548234),
      (20200618019001, '2024-07-10', 3750000, 375000, 187500, 187500, 100000, 100000, 0, 235000, 47000, 168750, 42300, 132937, 17029, 4700000, 643016, 4056984),
      (20200618019001, '2024-08-10', 3750000, 375000, 187500, 187500, 100000, 100000, 0, 235000, 47000, 168750, 42300, 132937, 17029, 4700000, 643016, 4056984),
      (20200618019001, '2024-09-10', 3750000, 375000, 187500, 187500, 100000, 100000, 0, 235000, 47000, 168750, 42300, 132937, 17029, 4700000, 643016, 4056984),
      (20200618019001, '2024-10-10', 3750000, 375000, 187500, 187500, 100000, 100000, 0, 235000, 47000, 168750, 42300, 132937, 17029, 4700000, 643016, 4056984),
      (20200618019001, '2024-11-10', 3750000, 375000, 187500, 187500, 100000, 100000, 0, 235000, 47000, 168750, 42300, 132937, 17029, 4700000, 643016, 4056984),
      (20200618019001, '2024-12-10', 3750000, 375000, 187500, 187500, 100000, 100000, 3750000, 422500, 84500, 168750, 76050, 132937, 17029, 8450000, 901766, 7548234),
      (20200618019001, '2025-01-10', 3750000, 375000, 187500, 187500, 100000, 100000, 0, 235000, 47000, 168750, 42300, 132937, 17029, 4700000, 643016, 4056984),
      (20200618019001, '2025-02-10', 3750000, 375000, 187500, 187500, 100000, 100000, 0, 235000, 47000, 168750, 42300, 132937, 17029, 4700000, 643016, 4056984),
      (20200618019001, '2025-03-10', 3750000, 375000, 187500, 187500, 100000, 100000, 0, 235000, 47000, 168750, 42300, 132937, 17029, 4700000, 643016, 4056984),
      (20200618019001, '2025-04-10', 3750000, 375000, 187500, 187500, 100000, 100000, 0, 235000, 47000, 168750, 42300, 132937, 17029, 4700000, 643016, 4056984),
      (20200618019001, '2025-05-10', 3750000, 375000, 187500, 187500, 100000, 100000, 0, 235000, 47000, 168750, 42300, 132937, 17029, 4700000, 643016, 4056984),
      (20200618019001, '2025-06-10', 3750000, 375000, 187500, 187500, 100000, 100000, 3750000, 422500, 84500, 168750, 76050, 132937, 17029, 8450000, 901766, 7548234),
      (20180912024001, '2024-05-10', 3750000, 375000, 187500, 187500, 100000, 100000, 0, 235000, 47000, 168750, 42300, 132937, 17029, 4700000, 643016, 4056984),
      (20180912024001, '2024-06-10', 3750000, 375000, 187500, 187500, 100000, 100000, 3750000, 422500, 84500, 168750, 76050, 132937, 17029, 8450000, 901766, 7548234),
      (20180912024001, '2024-07-10', 3750000, 375000, 187500, 187500, 100000, 100000, 0, 235000, 47000, 168750, 42300, 132937, 17029, 4700000, 643016, 4056984),
      (20180912024001, '2024-08-10', 3750000, 375000, 187500, 187500, 100000, 100000, 0, 235000, 47000, 168750, 42300, 132937, 17029, 4700000, 643016, 4056984),
      (20180912024001, '2024-09-10', 3750000, 375000, 187500, 187500, 100000, 100000, 0, 235000, 47000, 168750, 42300, 132937, 17029, 4700000, 643016, 4056984),
      (20180912024001, '2024-10-10', 3750000, 375000, 187500, 187500, 100000, 100000, 0, 235000, 47000, 168750, 42300, 132937, 17029, 4700000, 643016, 4056984),
      (20180912024001, '2024-11-10', 3750000, 375000, 187500, 187500, 100000, 100000, 0, 235000, 47000, 168750, 42300, 132937, 17029, 4700000, 643016, 4056984),
      (20180912024001, '2024-12-10', 3750000, 375000, 187500, 187500, 100000, 100000, 3750000, 422500, 84500, 168750, 76050, 132937, 17029, 8450000, 901766, 7548234),
      (20180912024001, '2025-01-10', 3750000, 375000, 187500, 187500, 100000, 100000, 0, 235000, 47000, 168750, 42300, 132937, 17029, 4700000, 643016, 4056984),
      (20180912024001, '2025-02-10', 3750000, 375000, 187500, 187500, 100000, 100000, 0, 235000, 47000, 168750, 42300, 132937, 17029, 4700000, 643016, 4056984),
      (20180912024001, '2025-03-10', 3750000, 375000, 187500, 187500, 100000, 100000, 0, 235000, 47000, 168750, 42300, 132937, 17029, 4700000, 643016, 4056984),
      (20180912024001, '2025-04-10', 3750000, 375000, 187500, 187500, 100000, 100000, 0, 235000, 47000, 168750, 42300, 132937, 17029, 4700000, 643016, 4056984),
      (20180912024001, '2025-05-10', 3750000, 375000, 187500, 187500, 100000, 100000, 0, 235000, 47000, 168750, 42300, 132937, 17029, 4700000, 643016, 4056984),
      (20180912024001, '2025-06-10', 3750000, 375000, 187500, 187500, 100000, 100000, 3750000, 422500, 84500, 168750, 76050, 132937, 17029, 8450000, 901766, 7548234),
      (20201208025001, '2024-05-10', 3750000, 375000, 187500, 187500, 100000, 100000, 0, 235000, 47000, 168750, 42300, 132937, 17029, 4700000, 643016, 4056984),
      (20201208025001, '2024-06-10', 3750000, 375000, 187500, 187500, 100000, 100000, 3750000, 422500, 84500, 168750, 76050, 132937, 17029, 8450000, 901766, 7548234),
      (20201208025001, '2024-07-10', 3750000, 375000, 187500, 187500, 100000, 100000, 0, 235000, 47000, 168750, 42300, 132937, 17029, 4700000, 643016, 4056984),
      (20201208025001, '2024-08-10', 3750000, 375000, 187500, 187500, 100000, 100000, 0, 235000, 47000, 168750, 42300, 132937, 17029, 4700000, 643016, 4056984),
      (20201208025001, '2024-09-10', 3750000, 375000, 187500, 187500, 100000, 100000, 0, 235000, 47000, 168750, 42300, 132937, 17029, 4700000, 643016, 4056984),
      (20201208025001, '2024-10-10', 3750000, 375000, 187500, 187500, 100000, 100000, 0, 235000, 47000, 168750, 42300, 132937, 17029, 4700000, 643016, 4056984),
      (20201208025001, '2024-11-10', 3750000, 375000, 187500, 187500, 100000, 100000, 0, 235000, 47000, 168750, 42300, 132937, 17029, 4700000, 643016, 4056984),
      (20201208025001, '2024-12-10', 3750000, 375000, 187500, 187500, 100000, 100000, 3750000, 422500, 84500, 168750, 76050, 132937, 17029, 8450000, 901766, 7548234),
      (20201208025001, '2025-01-10', 3750000, 375000, 187500, 187500, 100000, 100000, 0, 235000, 47000, 168750, 42300, 132937, 17029, 4700000, 643016, 4056984),
      (20201208025001, '2025-02-10', 3750000, 375000, 187500, 187500, 100000, 100000, 0, 235000, 47000, 168750, 42300, 132937, 17029, 4700000, 643016, 4056984),
      (20201208025001, '2025-03-10', 3750000, 375000, 187500, 187500, 100000, 100000, 0, 235000, 47000, 168750, 42300, 132937, 17029, 4700000, 643016, 4056984),
      (20201208025001, '2025-04-10', 3750000, 375000, 187500, 187500, 100000, 100000, 0, 235000, 47000, 168750, 42300, 132937, 17029, 4700000, 643016, 4056984),
      (20201208025001, '2025-05-10', 3750000, 375000, 187500, 187500, 100000, 100000, 0, 235000, 47000, 168750, 42300, 132937, 17029, 4700000, 643016, 4056984),
      (20201208025001, '2025-06-10', 3750000, 375000, 187500, 187500, 100000, 100000, 3750000, 422500, 84500, 168750, 76050, 132937, 17029, 8450000, 901766, 7548234),
      (20220804028001, '2024-05-10', 3750000, 375000, 187500, 187500, 100000, 100000, 0, 235000, 47000, 168750, 42300, 132937, 17029, 4700000, 643016, 4056984),
      (20220804028001, '2024-06-10', 3750000, 375000, 187500, 187500, 100000, 100000, 3750000, 422500, 84500, 168750, 76050, 132937, 17029, 8450000, 901766, 7548234),
      (20220804028001, '2024-07-10', 3750000, 375000, 187500, 187500, 100000, 100000, 0, 235000, 47000, 168750, 42300, 132937, 17029, 4700000, 643016, 4056984),
      (20220804028001, '2024-08-10', 3750000, 375000, 187500, 187500, 100000, 100000, 0, 235000, 47000, 168750, 42300, 132937, 17029, 4700000, 643016, 4056984),
      (20220804028001, '2024-09-10', 3750000, 375000, 187500, 187500, 100000, 100000, 0, 235000, 47000, 168750, 42300, 132937, 17029, 4700000, 643016, 4056984),
      (20220804028001, '2024-10-10', 3750000, 375000, 187500, 187500, 100000, 100000, 0, 235000, 47000, 168750, 42300, 132937, 17029, 4700000, 643016, 4056984),
      (20220804028001, '2024-11-10', 3750000, 375000, 187500, 187500, 100000, 100000, 0, 235000, 47000, 168750, 42300, 132937, 17029, 4700000, 643016, 4056984),
      (20220804028001, '2024-12-10', 3750000, 375000, 187500, 187500, 100000, 100000, 3750000, 422500, 84500, 168750, 76050, 132937, 17029, 8450000, 901766, 7548234),
      (20220804028001, '2025-01-10', 3750000, 375000, 187500, 187500, 100000, 100000, 0, 235000, 47000, 168750, 42300, 132937, 17029, 4700000, 643016, 4056984),
      (20220804028001, '2025-02-10', 3750000, 375000, 187500, 187500, 100000, 100000, 0, 235000, 47000, 168750, 42300, 132937, 17029, 4700000, 643016, 4056984),
      (20220804028001, '2025-03-10', 3750000, 375000, 187500, 187500, 100000, 100000, 0, 235000, 47000, 168750, 42300, 132937, 17029, 4700000, 643016, 4056984),
      (20220804028001, '2025-04-10', 3750000, 375000, 187500, 187500, 100000, 100000, 0, 235000, 47000, 168750, 42300, 132937, 17029, 4700000, 643016, 4056984),
      (20220804028001, '2025-05-10', 3750000, 375000, 187500, 187500, 100000, 100000, 0, 235000, 47000, 168750, 42300, 132937, 17029, 4700000, 643016, 4056984),
      (20220804028001, '2025-06-10', 3750000, 375000, 187500, 187500, 100000, 100000, 3750000, 422500, 84500, 168750, 76050, 132937, 17029, 8450000, 901766, 7548234),
      (20160718031001, '2024-05-10', 3750000, 375000, 187500, 187500, 100000, 100000, 0, 235000, 47000, 168750, 42300, 132937, 17029, 4700000, 643016, 4056984),
      (20160718031001, '2024-06-10', 3750000, 375000, 187500, 187500, 100000, 100000, 3750000, 422500, 84500, 168750, 76050, 132937, 17029, 8450000, 901766, 7548234),
      (20160718031001, '2024-07-10', 3750000, 375000, 187500, 187500, 100000, 100000, 0, 235000, 47000, 168750, 42300, 132937, 17029, 4700000, 643016, 4056984),
      (20160718031001, '2024-08-10', 3750000, 375000, 187500, 187500, 100000, 100000, 0, 235000, 47000, 168750, 42300, 132937, 17029, 4700000, 643016, 4056984),
      (20160718031001, '2024-09-10', 3750000, 375000, 187500, 187500, 100000, 100000, 0, 235000, 47000, 168750, 42300, 132937, 17029, 4700000, 643016, 4056984),
      (20160718031001, '2024-10-10', 3750000, 375000, 187500, 187500, 100000, 100000, 0, 235000, 47000, 168750, 42300, 132937, 17029, 4700000, 643016, 4056984),
      (20160718031001, '2024-11-10', 3750000, 375000, 187500, 187500, 100000, 100000, 0, 235000, 47000, 168750, 42300, 132937, 17029, 4700000, 643016, 4056984),
      (20160718031001, '2024-12-10', 3750000, 375000, 187500, 187500, 100000, 100000, 3750000, 422500, 84500, 168750, 76050, 132937, 17029, 8450000, 901766, 7548234),
      (20160718031001, '2025-01-10', 3750000, 375000, 187500, 187500, 100000, 100000, 0, 235000, 47000, 168750, 42300, 132937, 17029, 4700000, 643016, 4056984),
      (20160718031001, '2025-02-10', 3750000, 375000, 187500, 187500, 100000, 100000, 0, 235000, 47000, 168750, 42300, 132937, 17029, 4700000, 643016, 4056984),
      (20160718031001, '2025-03-10', 3750000, 375000, 187500, 187500, 100000, 100000, 0, 235000, 47000, 168750, 42300, 132937, 17029, 4700000, 643016, 4056984),
      (20160718031001, '2025-04-10', 3750000, 375000, 187500, 187500, 100000, 100000, 0, 235000, 47000, 168750, 42300, 132937, 17029, 4700000, 643016, 4056984),
      (20160718031001, '2025-05-10', 3750000, 375000, 187500, 187500, 100000, 100000, 0, 235000, 47000, 168750, 42300, 132937, 17029, 4700000, 643016, 4056984),
      (20160718031001, '2025-06-10', 3750000, 375000, 187500, 187500, 100000, 100000, 3750000, 422500, 84500, 168750, 76050, 132937, 17029, 8450000, 901766, 7548234),
      (20210106032001, '2024-05-10', 3750000, 375000, 187500, 187500, 100000, 100000, 0, 235000, 47000, 168750, 42300, 132937, 17029, 4700000, 643016, 4056984),
      (20210106032001, '2024-06-10', 3750000, 375000, 187500, 187500, 100000, 100000, 3750000, 422500, 84500, 168750, 76050, 132937, 17029, 8450000, 901766, 7548234),
      (20210106032001, '2024-07-10', 3750000, 375000, 187500, 187500, 100000, 100000, 0, 235000, 47000, 168750, 42300, 132937, 17029, 4700000, 643016, 4056984),
      (20210106032001, '2024-08-10', 3750000, 375000, 187500, 187500, 100000, 100000, 0, 235000, 47000, 168750, 42300, 132937, 17029, 4700000, 643016, 4056984),
      (20210106032001, '2024-09-10', 3750000, 375000, 187500, 187500, 100000, 100000, 0, 235000, 47000, 168750, 42300, 132937, 17029, 4700000, 643016, 4056984),
      (20210106032001, '2024-10-10', 3750000, 375000, 187500, 187500, 100000, 100000, 0, 235000, 47000, 168750, 42300, 132937, 17029, 4700000, 643016, 4056984),
      (20210106032001, '2024-11-10', 3750000, 375000, 187500, 187500, 100000, 100000, 0, 235000, 47000, 168750, 42300, 132937, 17029, 4700000, 643016, 4056984),
      (20210106032001, '2024-12-10', 3750000, 375000, 187500, 187500, 100000, 100000, 3750000, 422500, 84500, 168750, 76050, 132937, 17029, 8450000, 901766, 7548234),
      (20210106032001, '2025-01-10', 3750000, 375000, 187500, 187500, 100000, 100000, 0, 235000, 47000, 168750, 42300, 132937, 17029, 4700000, 643016, 4056984),
      (20210106032001, '2025-02-10', 3750000, 375000, 187500, 187500, 100000, 100000, 0, 235000, 47000, 168750, 42300, 132937, 17029, 4700000, 643016, 4056984),
      (20210106032001, '2025-03-10', 3750000, 375000, 187500, 187500, 100000, 100000, 0, 235000, 47000, 168750, 42300, 132937, 17029, 4700000, 643016, 4056984),
      (20210106032001, '2025-04-10', 3750000, 375000, 187500, 187500, 100000, 100000, 0, 235000, 47000, 168750, 42300, 132937, 17029, 4700000, 643016, 4056984),
      (20210106032001, '2025-05-10', 3750000, 375000, 187500, 187500, 100000, 100000, 0, 235000, 47000, 168750, 42300, 132937, 17029, 4700000, 643016, 4056984),
      (20210106032001, '2025-06-10', 3750000, 375000, 187500, 187500, 100000, 100000, 3750000, 422500, 84500, 168750, 76050, 132937, 17029, 8450000, 901766, 7548234),
      (20070512035001, '2024-05-10', 3750000, 375000, 187500, 187500, 100000, 100000, 0, 235000, 47000, 168750, 42300, 132937, 17029, 4700000, 643016, 4056984),
      (20070512035001, '2024-06-10', 3750000, 375000, 187500, 187500, 100000, 100000, 3750000, 422500, 84500, 168750, 76050, 132937, 17029, 8450000, 901766, 7548234),
      (20070512035001, '2024-07-10', 3750000, 375000, 187500, 187500, 100000, 100000, 0, 235000, 47000, 168750, 42300, 132937, 17029, 4700000, 643016, 4056984),
      (20070512035001, '2024-08-10', 3750000, 375000, 187500, 187500, 100000, 100000, 0, 235000, 47000, 168750, 42300, 132937, 17029, 4700000, 643016, 4056984),
      (20070512035001, '2024-09-10', 3750000, 375000, 187500, 187500, 100000, 100000, 0, 235000, 47000, 168750, 42300, 132937, 17029, 4700000, 643016, 4056984),
      (20070512035001, '2024-10-10', 3750000, 375000, 187500, 187500, 100000, 100000, 0, 235000, 47000, 168750, 42300, 132937, 17029, 4700000, 643016, 4056984),
      (20070512035001, '2024-11-10', 3750000, 375000, 187500, 187500, 100000, 100000, 0, 235000, 47000, 168750, 42300, 132937, 17029, 4700000, 643016, 4056984),
      (20070512035001, '2024-12-10', 3750000, 375000, 187500, 187500, 100000, 100000, 3750000, 422500, 84500, 168750, 76050, 132937, 17029, 8450000, 901766, 7548234),
      (20070512035001, '2025-01-10', 3750000, 375000, 187500, 187500, 100000, 100000, 0, 235000, 47000, 168750, 42300, 132937, 17029, 4700000, 643016, 4056984),
      (20070512035001, '2025-02-10', 3750000, 375000, 187500, 187500, 100000, 100000, 0, 235000, 47000, 168750, 42300, 132937, 17029, 4700000, 643016, 4056984),
      (20070512035001, '2025-03-10', 3750000, 375000, 187500, 187500, 100000, 100000, 0, 235000, 47000, 168750, 42300, 132937, 17029, 4700000, 643016, 4056984),
      (20070512035001, '2025-04-10', 3750000, 375000, 187500, 187500, 100000, 100000, 0, 235000, 47000, 168750, 42300, 132937, 17029, 4700000, 643016, 4056984),
      (20070512035001, '2025-05-10', 3750000, 375000, 187500, 187500, 100000, 100000, 0, 235000, 47000, 168750, 42300, 132937, 17029, 4700000, 643016, 4056984),
      (20070512035001, '2025-06-10', 3750000, 375000, 187500, 187500, 100000, 100000, 3750000, 422500, 84500, 168750, 76050, 132937, 17029, 8450000, 901766, 7548234),
      (20200704035001, '2024-05-10', 3750000, 375000, 187500, 187500, 100000, 100000, 0, 235000, 47000, 168750, 42300, 132937, 17029, 4700000, 643016, 4056984),
      (20200704035001, '2024-06-10', 3750000, 375000, 187500, 187500, 100000, 100000, 3750000, 422500, 84500, 168750, 76050, 132937, 17029, 8450000, 901766, 7548234),
      (20200704035001, '2024-07-10', 3750000, 375000, 187500, 187500, 100000, 100000, 0, 235000, 47000, 168750, 42300, 132937, 17029, 4700000, 643016, 4056984),
      (20200704035001, '2024-08-10', 3750000, 375000, 187500, 187500, 100000, 100000, 0, 235000, 47000, 168750, 42300, 132937, 17029, 4700000, 643016, 4056984),
      (20200704035001, '2024-09-10', 3750000, 375000, 187500, 187500, 100000, 100000, 0, 235000, 47000, 168750, 42300, 132937, 17029, 4700000, 643016, 4056984),
      (20200704035001, '2024-10-10', 3750000, 375000, 187500, 187500, 100000, 100000, 0, 235000, 47000, 168750, 42300, 132937, 17029, 4700000, 643016, 4056984),
      (20200704035001, '2024-11-10', 3750000, 375000, 187500, 187500, 100000, 100000, 0, 235000, 47000, 168750, 42300, 132937, 17029, 4700000, 643016, 4056984),
      (20200704035001, '2024-12-10', 3750000, 375000, 187500, 187500, 100000, 100000, 3750000, 422500, 84500, 168750, 76050, 132937, 17029, 8450000, 901766, 7548234),
      (20200704035001, '2025-01-10', 3750000, 375000, 187500, 187500, 100000, 100000, 0, 235000, 47000, 168750, 42300, 132937, 17029, 4700000, 643016, 4056984),
      (20200704035001, '2025-02-10', 3750000, 375000, 187500, 187500, 100000, 100000, 0, 235000, 47000, 168750, 42300, 132937, 17029, 4700000, 643016, 4056984),
      (20200704035001, '2025-03-10', 3750000, 375000, 187500, 187500, 100000, 100000, 0, 235000, 47000, 168750, 42300, 132937, 17029, 4700000, 643016, 4056984),
      (20200704035001, '2025-04-10', 3750000, 375000, 187500, 187500, 100000, 100000, 0, 235000, 47000, 168750, 42300, 132937, 17029, 4700000, 643016, 4056984),
      (20200704035001, '2025-05-10', 3750000, 375000, 187500, 187500, 100000, 100000, 0, 235000, 47000, 168750, 42300, 132937, 17029, 4700000, 643016, 4056984),
      (20200704035001, '2025-06-10', 3750000, 375000, 187500, 187500, 100000, 100000, 3750000, 422500, 84500, 168750, 76050, 132937, 17029, 8450000, 901766, 7548234),
      (20210311002001, '2024-05-10', 2916667, 291667, 145833, 145833, 100000, 100000, 0, 185000, 37000, 131250, 33300, 103395, 13244, 3700000, 503189, 3196811),
      (20210311002001, '2024-06-10', 2916667, 291667, 145833, 145833, 100000, 100000, 2916667, 330833, 66166, 131250, 59550, 103395, 13244, 6616667, 704438, 5912229),
      (20210311002001, '2024-07-10', 2916667, 291667, 145833, 145833, 100000, 100000, 0, 185000, 37000, 131250, 33300, 103395, 13244, 3700000, 503189, 3196811),
      (20210311002001, '2024-08-10', 2916667, 291667, 145833, 145833, 100000, 100000, 0, 185000, 37000, 131250, 33300, 103395, 13244, 3700000, 503189, 3196811),
      (20210311002001, '2024-09-10', 2916667, 291667, 145833, 145833, 100000, 100000, 0, 185000, 37000, 131250, 33300, 103395, 13244, 3700000, 503189, 3196811),
      (20210311002001, '2024-10-10', 2916667, 291667, 145833, 145833, 100000, 100000, 0, 185000, 37000, 131250, 33300, 103395, 13244, 3700000, 503189, 3196811),
      (20210311002001, '2024-11-10', 2916667, 291667, 145833, 145833, 100000, 100000, 0, 185000, 37000, 131250, 33300, 103395, 13244, 3700000, 503189, 3196811),
      (20210311002001, '2024-12-10', 2916667, 291667, 145833, 145833, 100000, 100000, 2916667, 330833, 66166, 131250, 59550, 103395, 13244, 6616667, 704438, 5912229),
      (20210311002001, '2025-01-10', 2916667, 291667, 145833, 145833, 100000, 100000, 0, 185000, 37000, 131250, 33300, 103395, 13244, 3700000, 503189, 3196811),
      (20210311002001, '2025-02-10', 2916667, 291667, 145833, 145833, 100000, 100000, 0, 185000, 37000, 131250, 33300, 103395, 13244, 3700000, 503189, 3196811),
      (20210311002001, '2025-03-10', 2916667, 291667, 145833, 145833, 100000, 100000, 0, 185000, 37000, 131250, 33300, 103395, 13244, 3700000, 503189, 3196811),
      (20210311002001, '2025-04-10', 2916667, 291667, 145833, 145833, 100000, 100000, 0, 185000, 37000, 131250, 33300, 103395, 13244, 3700000, 503189, 3196811),
      (20210311002001, '2025-05-10', 2916667, 291667, 145833, 145833, 100000, 100000, 0, 185000, 37000, 131250, 33300, 103395, 13244, 3700000, 503189, 3196811),
      (20210311002001, '2025-06-10', 2916667, 291667, 145833, 145833, 100000, 100000, 2916667, 330833, 66166, 131250, 59550, 103395, 13244, 6616667, 704438, 5912229),
      (20150702008001, '2024-05-10', 2916667, 291667, 145833, 145833, 100000, 100000, 0, 185000, 37000, 131250, 33300, 103395, 13244, 3700000, 503189, 3196811),
      (20150702008001, '2024-06-10', 2916667, 291667, 145833, 145833, 100000, 100000, 2916667, 330833, 66166, 131250, 59550, 103395, 13244, 6616667, 704438, 5912229),
      (20150702008001, '2024-07-10', 2916667, 291667, 145833, 145833, 100000, 100000, 0, 185000, 37000, 131250, 33300, 103395, 13244, 3700000, 503189, 3196811),
      (20150702008001, '2024-08-10', 2916667, 291667, 145833, 145833, 100000, 100000, 0, 185000, 37000, 131250, 33300, 103395, 13244, 3700000, 503189, 3196811),
      (20150702008001, '2024-09-10', 2916667, 291667, 145833, 145833, 100000, 100000, 0, 185000, 37000, 131250, 33300, 103395, 13244, 3700000, 503189, 3196811),
      (20150702008001, '2024-10-10', 2916667, 291667, 145833, 145833, 100000, 100000, 0, 185000, 37000, 131250, 33300, 103395, 13244, 3700000, 503189, 3196811),
      (20150702008001, '2024-11-10', 2916667, 291667, 145833, 145833, 100000, 100000, 0, 185000, 37000, 131250, 33300, 103395, 13244, 3700000, 503189, 3196811),
      (20150702008001, '2024-12-10', 2916667, 291667, 145833, 145833, 100000, 100000, 2916667, 330833, 66166, 131250, 59550, 103395, 13244, 6616667, 704438, 5912229),
      (20150702008001, '2025-01-10', 2916667, 291667, 145833, 145833, 100000, 100000, 0, 185000, 37000, 131250, 33300, 103395, 13244, 3700000, 503189, 3196811),
      (20150702008001, '2025-02-10', 2916667, 291667, 145833, 145833, 100000, 100000, 0, 185000, 37000, 131250, 33300, 103395, 13244, 3700000, 503189, 3196811),
      (20150702008001, '2025-03-10', 2916667, 291667, 145833, 145833, 100000, 100000, 0, 185000, 37000, 131250, 33300, 103395, 13244, 3700000, 503189, 3196811),
      (20150702008001, '2025-04-10', 2916667, 291667, 145833, 145833, 100000, 100000, 0, 185000, 37000, 131250, 33300, 103395, 13244, 3700000, 503189, 3196811),
      (20150702008001, '2025-05-10', 2916667, 291667, 145833, 145833, 100000, 100000, 0, 185000, 37000, 131250, 33300, 103395, 13244, 3700000, 503189, 3196811),
      (20150702008001, '2025-06-10', 2916667, 291667, 145833, 145833, 100000, 100000, 2916667, 330833, 66166, 131250, 59550, 103395, 13244, 6616667, 704438, 5912229),
      (20181103008001, '2024-05-10', 2916667, 291667, 145833, 145833, 100000, 100000, 0, 185000, 37000, 131250, 33300, 103395, 13244, 3700000, 503189, 3196811),
      (20181103008001, '2024-06-10', 2916667, 291667, 145833, 145833, 100000, 100000, 2916667, 330833, 66166, 131250, 59550, 103395, 13244, 6616667, 704438, 5912229),
      (20181103008001, '2024-07-10', 2916667, 291667, 145833, 145833, 100000, 100000, 0, 185000, 37000, 131250, 33300, 103395, 13244, 3700000, 503189, 3196811),
      (20181103008001, '2024-08-10', 2916667, 291667, 145833, 145833, 100000, 100000, 0, 185000, 37000, 131250, 33300, 103395, 13244, 3700000, 503189, 3196811),
      (20181103008001, '2024-09-10', 2916667, 291667, 145833, 145833, 100000, 100000, 0, 185000, 37000, 131250, 33300, 103395, 13244, 3700000, 503189, 3196811),
      (20181103008001, '2024-10-10', 2916667, 291667, 145833, 145833, 100000, 100000, 0, 185000, 37000, 131250, 33300, 103395, 13244, 3700000, 503189, 3196811),
      (20181103008001, '2024-11-10', 2916667, 291667, 145833, 145833, 100000, 100000, 0, 185000, 37000, 131250, 33300, 103395, 13244, 3700000, 503189, 3196811),
      (20181103008001, '2024-12-10', 2916667, 291667, 145833, 145833, 100000, 100000, 2916667, 330833, 66166, 131250, 59550, 103395, 13244, 6616667, 704438, 5912229),
      (20181103008001, '2025-01-10', 2916667, 291667, 145833, 145833, 100000, 100000, 0, 185000, 37000, 131250, 33300, 103395, 13244, 3700000, 503189, 3196811),
      (20181103008001, '2025-02-10', 2916667, 291667, 145833, 145833, 100000, 100000, 0, 185000, 37000, 131250, 33300, 103395, 13244, 3700000, 503189, 3196811),
      (20181103008001, '2025-03-10', 2916667, 291667, 145833, 145833, 100000, 100000, 0, 185000, 37000, 131250, 33300, 103395, 13244, 3700000, 503189, 3196811),
      (20181103008001, '2025-04-10', 2916667, 291667, 145833, 145833, 100000, 100000, 0, 185000, 37000, 131250, 33300, 103395, 13244, 3700000, 503189, 3196811),
      (20181103008001, '2025-05-10', 2916667, 291667, 145833, 145833, 100000, 100000, 0, 185000, 37000, 131250, 33300, 103395, 13244, 3700000, 503189, 3196811),
      (20181103008001, '2025-06-10', 2916667, 291667, 145833, 145833, 100000, 100000, 2916667, 330833, 66166, 131250, 59550, 103395, 13244, 6616667, 704438, 5912229),
      (20191003011001, '2024-05-10', 2916667, 291667, 145833, 145833, 100000, 100000, 0, 185000, 37000, 131250, 33300, 103395, 13244, 3700000, 503189, 3196811),
      (20191003011001, '2024-06-10', 2916667, 291667, 145833, 145833, 100000, 100000, 2916667, 330833, 66166, 131250, 59550, 103395, 13244, 6616667, 704438, 5912229),
      (20191003011001, '2024-07-10', 2916667, 291667, 145833, 145833, 100000, 100000, 0, 185000, 37000, 131250, 33300, 103395, 13244, 3700000, 503189, 3196811),
      (20191003011001, '2024-08-10', 2916667, 291667, 145833, 145833, 100000, 100000, 0, 185000, 37000, 131250, 33300, 103395, 13244, 3700000, 503189, 3196811),
      (20191003011001, '2024-09-10', 2916667, 291667, 145833, 145833, 100000, 100000, 0, 185000, 37000, 131250, 33300, 103395, 13244, 3700000, 503189, 3196811),
      (20191003011001, '2024-10-10', 2916667, 291667, 145833, 145833, 100000, 100000, 0, 185000, 37000, 131250, 33300, 103395, 13244, 3700000, 503189, 3196811),
      (20191003011001, '2024-11-10', 2916667, 291667, 145833, 145833, 100000, 100000, 0, 185000, 37000, 131250, 33300, 103395, 13244, 3700000, 503189, 3196811),
      (20191003011001, '2024-12-10', 2916667, 291667, 145833, 145833, 100000, 100000, 2916667, 330833, 66166, 131250, 59550, 103395, 13244, 6616667, 704438, 5912229),
      (20191003011001, '2025-01-10', 2916667, 291667, 145833, 145833, 100000, 100000, 0, 185000, 37000, 131250, 33300, 103395, 13244, 3700000, 503189, 3196811),
      (20191003011001, '2025-02-10', 2916667, 291667, 145833, 145833, 100000, 100000, 0, 185000, 37000, 131250, 33300, 103395, 13244, 3700000, 503189, 3196811),
      (20191003011001, '2025-03-10', 2916667, 291667, 145833, 145833, 100000, 100000, 0, 185000, 37000, 131250, 33300, 103395, 13244, 3700000, 503189, 3196811),
      (20191003011001, '2025-04-10', 2916667, 291667, 145833, 145833, 100000, 100000, 0, 185000, 37000, 131250, 33300, 103395, 13244, 3700000, 503189, 3196811),
      (20191003011001, '2025-05-10', 2916667, 291667, 145833, 145833, 100000, 100000, 0, 185000, 37000, 131250, 33300, 103395, 13244, 3700000, 503189, 3196811),
      (20191003011001, '2025-06-10', 2916667, 291667, 145833, 145833, 100000, 100000, 2916667, 330833, 66166, 131250, 59550, 103395, 13244, 6616667, 704438, 5912229),
      (20230525012001, '2024-05-10', 2916667, 291667, 145833, 145833, 100000, 100000, 0, 185000, 37000, 131250, 33300, 103395, 13244, 3700000, 503189, 3196811),
      (20230525012001, '2024-06-10', 2916667, 291667, 145833, 145833, 100000, 100000, 2916667, 330833, 66166, 131250, 59550, 103395, 13244, 6616667, 704438, 5912229),
      (20230525012001, '2024-07-10', 2916667, 291667, 145833, 145833, 100000, 100000, 0, 185000, 37000, 131250, 33300, 103395, 13244, 3700000, 503189, 3196811),
      (20230525012001, '2024-08-10', 2916667, 291667, 145833, 145833, 100000, 100000, 0, 185000, 37000, 131250, 33300, 103395, 13244, 3700000, 503189, 3196811),
      (20230525012001, '2024-09-10', 2916667, 291667, 145833, 145833, 100000, 100000, 0, 185000, 37000, 131250, 33300, 103395, 13244, 3700000, 503189, 3196811),
      (20230525012001, '2024-10-10', 2916667, 291667, 145833, 145833, 100000, 100000, 0, 185000, 37000, 131250, 33300, 103395, 13244, 3700000, 503189, 3196811),
      (20230525012001, '2024-11-10', 2916667, 291667, 145833, 145833, 100000, 100000, 0, 185000, 37000, 131250, 33300, 103395, 13244, 3700000, 503189, 3196811),
      (20230525012001, '2024-12-10', 2916667, 291667, 145833, 145833, 100000, 100000, 2916667, 330833, 66166, 131250, 59550, 103395, 13244, 6616667, 704438, 5912229),
      (20230525012001, '2025-01-10', 2916667, 291667, 145833, 145833, 100000, 100000, 0, 185000, 37000, 131250, 33300, 103395, 13244, 3700000, 503189, 3196811),
      (20230525012001, '2025-02-10', 2916667, 291667, 145833, 145833, 100000, 100000, 0, 185000, 37000, 131250, 33300, 103395, 13244, 3700000, 503189, 3196811),
      (20230525012001, '2025-03-10', 2916667, 291667, 145833, 145833, 100000, 100000, 0, 185000, 37000, 131250, 33300, 103395, 13244, 3700000, 503189, 3196811),
      (20230525012001, '2025-04-10', 2916667, 291667, 145833, 145833, 100000, 100000, 0, 185000, 37000, 131250, 33300, 103395, 13244, 3700000, 503189, 3196811),
      (20230525012001, '2025-05-10', 2916667, 291667, 145833, 145833, 100000, 100000, 0, 185000, 37000, 131250, 33300, 103395, 13244, 3700000, 503189, 3196811),
      (20230525012001, '2025-06-10', 2916667, 291667, 145833, 145833, 100000, 100000, 2916667, 330833, 66166, 131250, 59550, 103395, 13244, 6616667, 704438, 5912229),
      (20151123010001, '2024-05-10', 2916667, 291667, 145833, 145833, 100000, 100000, 0, 185000, 37000, 131250, 33300, 103395, 13244, 3700000, 503189, 3196811),
      (20151123010001, '2024-06-10', 2916667, 291667, 145833, 145833, 100000, 100000, 2916667, 330833, 66166, 131250, 59550, 103395, 13244, 6616667, 704438, 5912229),
      (20151123010001, '2024-07-10', 2916667, 291667, 145833, 145833, 100000, 100000, 0, 185000, 37000, 131250, 33300, 103395, 13244, 3700000, 503189, 3196811),
      (20151123010001, '2024-08-10', 2916667, 291667, 145833, 145833, 100000, 100000, 0, 185000, 37000, 131250, 33300, 103395, 13244, 3700000, 503189, 3196811),
      (20151123010001, '2024-09-10', 2916667, 291667, 145833, 145833, 100000, 100000, 0, 185000, 37000, 131250, 33300, 103395, 13244, 3700000, 503189, 3196811),
      (20151123010001, '2024-10-10', 2916667, 291667, 145833, 145833, 100000, 100000, 0, 185000, 37000, 131250, 33300, 103395, 13244, 3700000, 503189, 3196811),
      (20151123010001, '2024-11-10', 2916667, 291667, 145833, 145833, 100000, 100000, 0, 185000, 37000, 131250, 33300, 103395, 13244, 3700000, 503189, 3196811),
      (20151123010001, '2024-12-10', 2916667, 291667, 145833, 145833, 100000, 100000, 2916667, 330833, 66166, 131250, 59550, 103395, 13244, 6616667, 704438, 5912229),
      (20151123010001, '2025-01-10', 2916667, 291667, 145833, 145833, 100000, 100000, 0, 185000, 37000, 131250, 33300, 103395, 13244, 3700000, 503189, 3196811),
      (20151123010001, '2025-02-10', 2916667, 291667, 145833, 145833, 100000, 100000, 0, 185000, 37000, 131250, 33300, 103395, 13244, 3700000, 503189, 3196811),
      (20151123010001, '2025-03-10', 2916667, 291667, 145833, 145833, 100000, 100000, 0, 185000, 37000, 131250, 33300, 103395, 13244, 3700000, 503189, 3196811),
      (20151123010001, '2025-04-10', 2916667, 291667, 145833, 145833, 100000, 100000, 0, 185000, 37000, 131250, 33300, 103395, 13244, 3700000, 503189, 3196811),
      (20151123010001, '2025-05-10', 2916667, 291667, 145833, 145833, 100000, 100000, 0, 185000, 37000, 131250, 33300, 103395, 13244, 3700000, 503189, 3196811),
      (20151123010001, '2025-06-10', 2916667, 291667, 145833, 145833, 100000, 100000, 2916667, 330833, 66166, 131250, 59550, 103395, 13244, 6616667, 704438, 5912229),
      (20180609013001, '2024-05-10', 2916667, 291667, 145833, 145833, 100000, 100000, 0, 185000, 37000, 131250, 33300, 103395, 13244, 3700000, 503189, 3196811),
      (20180609013001, '2024-06-10', 2916667, 291667, 145833, 145833, 100000, 100000, 2916667, 330833, 66166, 131250, 59550, 103395, 13244, 6616667, 704438, 5912229),
      (20180609013001, '2024-07-10', 2916667, 291667, 145833, 145833, 100000, 100000, 0, 185000, 37000, 131250, 33300, 103395, 13244, 3700000, 503189, 3196811),
      (20180609013001, '2024-08-10', 2916667, 291667, 145833, 145833, 100000, 100000, 0, 185000, 37000, 131250, 33300, 103395, 13244, 3700000, 503189, 3196811),
      (20180609013001, '2024-09-10', 2916667, 291667, 145833, 145833, 100000, 100000, 0, 185000, 37000, 131250, 33300, 103395, 13244, 3700000, 503189, 3196811),
      (20180609013001, '2024-10-10', 2916667, 291667, 145833, 145833, 100000, 100000, 0, 185000, 37000, 131250, 33300, 103395, 13244, 3700000, 503189, 3196811),
      (20180609013001, '2024-11-10', 2916667, 291667, 145833, 145833, 100000, 100000, 0, 185000, 37000, 131250, 33300, 103395, 13244, 3700000, 503189, 3196811),
      (20180609013001, '2024-12-10', 2916667, 291667, 145833, 145833, 100000, 100000, 2916667, 330833, 66166, 131250, 59550, 103395, 13244, 6616667, 704438, 5912229),
      (20180609013001, '2025-01-10', 2916667, 291667, 145833, 145833, 100000, 100000, 0, 185000, 37000, 131250, 33300, 103395, 13244, 3700000, 503189, 3196811),
      (20180609013001, '2025-02-10', 2916667, 291667, 145833, 145833, 100000, 100000, 0, 185000, 37000, 131250, 33300, 103395, 13244, 3700000, 503189, 3196811),
      (20180609013001, '2025-03-10', 2916667, 291667, 145833, 145833, 100000, 100000, 0, 185000, 37000, 131250, 33300, 103395, 13244, 3700000, 503189, 3196811),
      (20180609013001, '2025-04-10', 2916667, 291667, 145833, 145833, 100000, 100000, 0, 185000, 37000, 131250, 33300, 103395, 13244, 3700000, 503189, 3196811),
      (20180609013001, '2025-05-10', 2916667, 291667, 145833, 145833, 100000, 100000, 0, 185000, 37000, 131250, 33300, 103395, 13244, 3700000, 503189, 3196811),
      (20180609013001, '2025-06-10', 2916667, 291667, 145833, 145833, 100000, 100000, 2916667, 330833, 66166, 131250, 59550, 103395, 13244, 6616667, 704438, 5912229),
      (20150102013001, '2024-05-10', 2916667, 291667, 145833, 145833, 100000, 100000, 0, 185000, 37000, 131250, 33300, 103395, 13244, 3700000, 503189, 3196811),
      (20150102013001, '2024-06-10', 2916667, 291667, 145833, 145833, 100000, 100000, 2916667, 330833, 66166, 131250, 59550, 103395, 13244, 6616667, 704438, 5912229),
      (20150102013001, '2024-07-10', 2916667, 291667, 145833, 145833, 100000, 100000, 0, 185000, 37000, 131250, 33300, 103395, 13244, 3700000, 503189, 3196811),
      (20150102013001, '2024-08-10', 2916667, 291667, 145833, 145833, 100000, 100000, 0, 185000, 37000, 131250, 33300, 103395, 13244, 3700000, 503189, 3196811),
      (20150102013001, '2024-09-10', 2916667, 291667, 145833, 145833, 100000, 100000, 0, 185000, 37000, 131250, 33300, 103395, 13244, 3700000, 503189, 3196811),
      (20150102013001, '2024-10-10', 2916667, 291667, 145833, 145833, 100000, 100000, 0, 185000, 37000, 131250, 33300, 103395, 13244, 3700000, 503189, 3196811),
      (20150102013001, '2024-11-10', 2916667, 291667, 145833, 145833, 100000, 100000, 0, 185000, 37000, 131250, 33300, 103395, 13244, 3700000, 503189, 3196811),
      (20150102013001, '2024-12-10', 2916667, 291667, 145833, 145833, 100000, 100000, 2916667, 330833, 66166, 131250, 59550, 103395, 13244, 6616667, 704438, 5912229),
      (20150102013001, '2025-01-10', 2916667, 291667, 145833, 145833, 100000, 100000, 0, 185000, 37000, 131250, 33300, 103395, 13244, 3700000, 503189, 3196811),
      (20150102013001, '2025-02-10', 2916667, 291667, 145833, 145833, 100000, 100000, 0, 185000, 37000, 131250, 33300, 103395, 13244, 3700000, 503189, 3196811),
      (20150102013001, '2025-03-10', 2916667, 291667, 145833, 145833, 100000, 100000, 0, 185000, 37000, 131250, 33300, 103395, 13244, 3700000, 503189, 3196811),
      (20150102013001, '2025-04-10', 2916667, 291667, 145833, 145833, 100000, 100000, 0, 185000, 37000, 131250, 33300, 103395, 13244, 3700000, 503189, 3196811),
      (20150102013001, '2025-05-10', 2916667, 291667, 145833, 145833, 100000, 100000, 0, 185000, 37000, 131250, 33300, 103395, 13244, 3700000, 503189, 3196811),
      (20150102013001, '2025-06-10', 2916667, 291667, 145833, 145833, 100000, 100000, 2916667, 330833, 66166, 131250, 59550, 103395, 13244, 6616667, 704438, 5912229),
      (20211108018001, '2024-05-10', 2916667, 291667, 145833, 145833, 100000, 100000, 0, 185000, 37000, 131250, 33300, 103395, 13244, 3700000, 503189, 3196811),
      (20211108018001, '2024-06-10', 2916667, 291667, 145833, 145833, 100000, 100000, 2916667, 330833, 66166, 131250, 59550, 103395, 13244, 6616667, 704438, 5912229),
      (20211108018001, '2024-07-10', 2916667, 291667, 145833, 145833, 100000, 100000, 0, 185000, 37000, 131250, 33300, 103395, 13244, 3700000, 503189, 3196811),
      (20211108018001, '2024-08-10', 2916667, 291667, 145833, 145833, 100000, 100000, 0, 185000, 37000, 131250, 33300, 103395, 13244, 3700000, 503189, 3196811),
      (20211108018001, '2024-09-10', 2916667, 291667, 145833, 145833, 100000, 100000, 0, 185000, 37000, 131250, 33300, 103395, 13244, 3700000, 503189, 3196811),
      (20211108018001, '2024-10-10', 2916667, 291667, 145833, 145833, 100000, 100000, 0, 185000, 37000, 131250, 33300, 103395, 13244, 3700000, 503189, 3196811),
      (20211108018001, '2024-11-10', 2916667, 291667, 145833, 145833, 100000, 100000, 0, 185000, 37000, 131250, 33300, 103395, 13244, 3700000, 503189, 3196811),
      (20211108018001, '2024-12-10', 2916667, 291667, 145833, 145833, 100000, 100000, 2916667, 330833, 66166, 131250, 59550, 103395, 13244, 6616667, 704438, 5912229),
      (20211108018001, '2025-01-10', 2916667, 291667, 145833, 145833, 100000, 100000, 0, 185000, 37000, 131250, 33300, 103395, 13244, 3700000, 503189, 3196811),
      (20211108018001, '2025-02-10', 2916667, 291667, 145833, 145833, 100000, 100000, 0, 185000, 37000, 131250, 33300, 103395, 13244, 3700000, 503189, 3196811),
      (20211108018001, '2025-03-10', 2916667, 291667, 145833, 145833, 100000, 100000, 0, 185000, 37000, 131250, 33300, 103395, 13244, 3700000, 503189, 3196811),
      (20211108018001, '2025-04-10', 2916667, 291667, 145833, 145833, 100000, 100000, 0, 185000, 37000, 131250, 33300, 103395, 13244, 3700000, 503189, 3196811),
      (20211108018001, '2025-05-10', 2916667, 291667, 145833, 145833, 100000, 100000, 0, 185000, 37000, 131250, 33300, 103395, 13244, 3700000, 503189, 3196811),
      (20211108018001, '2025-06-10', 2916667, 291667, 145833, 145833, 100000, 100000, 2916667, 330833, 66166, 131250, 59550, 103395, 13244, 6616667, 704438, 5912229),
      (20150902023001, '2024-05-10', 2916667, 291667, 145833, 145833, 100000, 100000, 0, 185000, 37000, 131250, 33300, 103395, 13244, 3700000, 503189, 3196811),
      (20150902023001, '2024-06-10', 2916667, 291667, 145833, 145833, 100000, 100000, 2916667, 330833, 66166, 131250, 59550, 103395, 13244, 6616667, 704438, 5912229),
      (20150902023001, '2024-07-10', 2916667, 291667, 145833, 145833, 100000, 100000, 0, 185000, 37000, 131250, 33300, 103395, 13244, 3700000, 503189, 3196811),
      (20150902023001, '2024-08-10', 2916667, 291667, 145833, 145833, 100000, 100000, 0, 185000, 37000, 131250, 33300, 103395, 13244, 3700000, 503189, 3196811),
      (20150902023001, '2024-09-10', 2916667, 291667, 145833, 145833, 100000, 100000, 0, 185000, 37000, 131250, 33300, 103395, 13244, 3700000, 503189, 3196811),
      (20150902023001, '2024-10-10', 2916667, 291667, 145833, 145833, 100000, 100000, 0, 185000, 37000, 131250, 33300, 103395, 13244, 3700000, 503189, 3196811),
      (20150902023001, '2024-11-10', 2916667, 291667, 145833, 145833, 100000, 100000, 0, 185000, 37000, 131250, 33300, 103395, 13244, 3700000, 503189, 3196811),
      (20150902023001, '2024-12-10', 2916667, 291667, 145833, 145833, 100000, 100000, 2916667, 330833, 66166, 131250, 59550, 103395, 13244, 6616667, 704438, 5912229),
      (20150902023001, '2025-01-10', 2916667, 291667, 145833, 145833, 100000, 100000, 0, 185000, 37000, 131250, 33300, 103395, 13244, 3700000, 503189, 3196811),
      (20150902023001, '2025-02-10', 2916667, 291667, 145833, 145833, 100000, 100000, 0, 185000, 37000, 131250, 33300, 103395, 13244, 3700000, 503189, 3196811),
      (20150902023001, '2025-03-10', 2916667, 291667, 145833, 145833, 100000, 100000, 0, 185000, 37000, 131250, 33300, 103395, 13244, 3700000, 503189, 3196811),
      (20150902023001, '2025-04-10', 2916667, 291667, 145833, 145833, 100000, 100000, 0, 185000, 37000, 131250, 33300, 103395, 13244, 3700000, 503189, 3196811),
      (20150902023001, '2025-05-10', 2916667, 291667, 145833, 145833, 100000, 100000, 0, 185000, 37000, 131250, 33300, 103395, 13244, 3700000, 503189, 3196811),
      (20150902023001, '2025-06-10', 2916667, 291667, 145833, 145833, 100000, 100000, 2916667, 330833, 66166, 131250, 59550, 103395, 13244, 6616667, 704438, 5912229),
      (20180603022001, '2024-05-10', 2916667, 291667, 145833, 145833, 100000, 100000, 0, 185000, 37000, 131250, 33300, 103395, 13244, 3700000, 503189, 3196811),
      (20180603022001, '2024-06-10', 2916667, 291667, 145833, 145833, 100000, 100000, 2916667, 330833, 66166, 131250, 59550, 103395, 13244, 6616667, 704438, 5912229),
      (20180603022001, '2024-07-10', 2916667, 291667, 145833, 145833, 100000, 100000, 0, 185000, 37000, 131250, 33300, 103395, 13244, 3700000, 503189, 3196811),
      (20180603022001, '2024-08-10', 2916667, 291667, 145833, 145833, 100000, 100000, 0, 185000, 37000, 131250, 33300, 103395, 13244, 3700000, 503189, 3196811),
      (20180603022001, '2024-09-10', 2916667, 291667, 145833, 145833, 100000, 100000, 0, 185000, 37000, 131250, 33300, 103395, 13244, 3700000, 503189, 3196811),
      (20180603022001, '2024-10-10', 2916667, 291667, 145833, 145833, 100000, 100000, 0, 185000, 37000, 131250, 33300, 103395, 13244, 3700000, 503189, 3196811),
      (20180603022001, '2024-11-10', 2916667, 291667, 145833, 145833, 100000, 100000, 0, 185000, 37000, 131250, 33300, 103395, 13244, 3700000, 503189, 3196811),
      (20180603022001, '2024-12-10', 2916667, 291667, 145833, 145833, 100000, 100000, 2916667, 330833, 66166, 131250, 59550, 103395, 13244, 6616667, 704438, 5912229),
      (20180603022001, '2025-01-10', 2916667, 291667, 145833, 145833, 100000, 100000, 0, 185000, 37000, 131250, 33300, 103395, 13244, 3700000, 503189, 3196811),
      (20180603022001, '2025-02-10', 2916667, 291667, 145833, 145833, 100000, 100000, 0, 185000, 37000, 131250, 33300, 103395, 13244, 3700000, 503189, 3196811),
      (20180603022001, '2025-03-10', 2916667, 291667, 145833, 145833, 100000, 100000, 0, 185000, 37000, 131250, 33300, 103395, 13244, 3700000, 503189, 3196811),
      (20180603022001, '2025-04-10', 2916667, 291667, 145833, 145833, 100000, 100000, 0, 185000, 37000, 131250, 33300, 103395, 13244, 3700000, 503189, 3196811),
      (20180603022001, '2025-05-10', 2916667, 291667, 145833, 145833, 100000, 100000, 0, 185000, 37000, 131250, 33300, 103395, 13244, 3700000, 503189, 3196811),
      (20180603022001, '2025-06-10', 2916667, 291667, 145833, 145833, 100000, 100000, 2916667, 330833, 66166, 131250, 59550, 103395, 13244, 6616667, 704438, 5912229),
      (20150518027001, '2024-05-10', 2916667, 291667, 145833, 145833, 100000, 100000, 0, 185000, 37000, 131250, 33300, 103395, 13244, 3700000, 503189, 3196811),
      (20150518027001, '2024-06-10', 2916667, 291667, 145833, 145833, 100000, 100000, 2916667, 330833, 66166, 131250, 59550, 103395, 13244, 6616667, 704438, 5912229),
      (20150518027001, '2024-07-10', 2916667, 291667, 145833, 145833, 100000, 100000, 0, 185000, 37000, 131250, 33300, 103395, 13244, 3700000, 503189, 3196811),
      (20150518027001, '2024-08-10', 2916667, 291667, 145833, 145833, 100000, 100000, 0, 185000, 37000, 131250, 33300, 103395, 13244, 3700000, 503189, 3196811),
      (20150518027001, '2024-09-10', 2916667, 291667, 145833, 145833, 100000, 100000, 0, 185000, 37000, 131250, 33300, 103395, 13244, 3700000, 503189, 3196811),
      (20150518027001, '2024-10-10', 2916667, 291667, 145833, 145833, 100000, 100000, 0, 185000, 37000, 131250, 33300, 103395, 13244, 3700000, 503189, 3196811),
      (20150518027001, '2024-11-10', 2916667, 291667, 145833, 145833, 100000, 100000, 0, 185000, 37000, 131250, 33300, 103395, 13244, 3700000, 503189, 3196811),
      (20150518027001, '2024-12-10', 2916667, 291667, 145833, 145833, 100000, 100000, 2916667, 330833, 66166, 131250, 59550, 103395, 13244, 6616667, 704438, 5912229),
      (20150518027001, '2025-01-10', 2916667, 291667, 145833, 145833, 100000, 100000, 0, 185000, 37000, 131250, 33300, 103395, 13244, 3700000, 503189, 3196811),
      (20150518027001, '2025-02-10', 2916667, 291667, 145833, 145833, 100000, 100000, 0, 185000, 37000, 131250, 33300, 103395, 13244, 3700000, 503189, 3196811),
      (20150518027001, '2025-03-10', 2916667, 291667, 145833, 145833, 100000, 100000, 0, 185000, 37000, 131250, 33300, 103395, 13244, 3700000, 503189, 3196811),
      (20150518027001, '2025-04-10', 2916667, 291667, 145833, 145833, 100000, 100000, 0, 185000, 37000, 131250, 33300, 103395, 13244, 3700000, 503189, 3196811),
      (20150518027001, '2025-05-10', 2916667, 291667, 145833, 145833, 100000, 100000, 0, 185000, 37000, 131250, 33300, 103395, 13244, 3700000, 503189, 3196811),
      (20150518027001, '2025-06-10', 2916667, 291667, 145833, 145833, 100000, 100000, 2916667, 330833, 66166, 131250, 59550, 103395, 13244, 6616667, 704438, 5912229),
      (20160115025001, '2024-05-10', 2916667, 291667, 145833, 145833, 100000, 100000, 0, 185000, 37000, 131250, 33300, 103395, 13244, 3700000, 503189, 3196811),
      (20160115025001, '2024-06-10', 2916667, 291667, 145833, 145833, 100000, 100000, 2916667, 330833, 66166, 131250, 59550, 103395, 13244, 6616667, 704438, 5912229),
      (20160115025001, '2024-07-10', 2916667, 291667, 145833, 145833, 100000, 100000, 0, 185000, 37000, 131250, 33300, 103395, 13244, 3700000, 503189, 3196811),
      (20160115025001, '2024-08-10', 2916667, 291667, 145833, 145833, 100000, 100000, 0, 185000, 37000, 131250, 33300, 103395, 13244, 3700000, 503189, 3196811),
      (20160115025001, '2024-09-10', 2916667, 291667, 145833, 145833, 100000, 100000, 0, 185000, 37000, 131250, 33300, 103395, 13244, 3700000, 503189, 3196811),
      (20160115025001, '2024-10-10', 2916667, 291667, 145833, 145833, 100000, 100000, 0, 185000, 37000, 131250, 33300, 103395, 13244, 3700000, 503189, 3196811),
      (20160115025001, '2024-11-10', 2916667, 291667, 145833, 145833, 100000, 100000, 0, 185000, 37000, 131250, 33300, 103395, 13244, 3700000, 503189, 3196811),
      (20160115025001, '2024-12-10', 2916667, 291667, 145833, 145833, 100000, 100000, 2916667, 330833, 66166, 131250, 59550, 103395, 13244, 6616667, 704438, 5912229),
      (20160115025001, '2025-01-10', 2916667, 291667, 145833, 145833, 100000, 100000, 0, 185000, 37000, 131250, 33300, 103395, 13244, 3700000, 503189, 3196811),
      (20160115025001, '2025-02-10', 2916667, 291667, 145833, 145833, 100000, 100000, 0, 185000, 37000, 131250, 33300, 103395, 13244, 3700000, 503189, 3196811),
      (20160115025001, '2025-03-10', 2916667, 291667, 145833, 145833, 100000, 100000, 0, 185000, 37000, 131250, 33300, 103395, 13244, 3700000, 503189, 3196811),
      (20160115025001, '2025-04-10', 2916667, 291667, 145833, 145833, 100000, 100000, 0, 185000, 37000, 131250, 33300, 103395, 13244, 3700000, 503189, 3196811),
      (20160115025001, '2025-05-10', 2916667, 291667, 145833, 145833, 100000, 100000, 0, 185000, 37000, 131250, 33300, 103395, 13244, 3700000, 503189, 3196811),
      (20160115025001, '2025-06-10', 2916667, 291667, 145833, 145833, 100000, 100000, 2916667, 330833, 66166, 131250, 59550, 103395, 13244, 6616667, 704438, 5912229),
      (20150716029001, '2024-05-10', 2916667, 291667, 145833, 145833, 100000, 100000, 0, 185000, 37000, 131250, 33300, 103395, 13244, 3700000, 503189, 3196811),
      (20150716029001, '2024-06-10', 2916667, 291667, 145833, 145833, 100000, 100000, 2916667, 330833, 66166, 131250, 59550, 103395, 13244, 6616667, 704438, 5912229),
      (20150716029001, '2024-07-10', 2916667, 291667, 145833, 145833, 100000, 100000, 0, 185000, 37000, 131250, 33300, 103395, 13244, 3700000, 503189, 3196811),
      (20150716029001, '2024-08-10', 2916667, 291667, 145833, 145833, 100000, 100000, 0, 185000, 37000, 131250, 33300, 103395, 13244, 3700000, 503189, 3196811),
      (20150716029001, '2024-09-10', 2916667, 291667, 145833, 145833, 100000, 100000, 0, 185000, 37000, 131250, 33300, 103395, 13244, 3700000, 503189, 3196811),
      (20150716029001, '2024-10-10', 2916667, 291667, 145833, 145833, 100000, 100000, 0, 185000, 37000, 131250, 33300, 103395, 13244, 3700000, 503189, 3196811),
      (20150716029001, '2024-11-10', 2916667, 291667, 145833, 145833, 100000, 100000, 0, 185000, 37000, 131250, 33300, 103395, 13244, 3700000, 503189, 3196811),
      (20150716029001, '2024-12-10', 2916667, 291667, 145833, 145833, 100000, 100000, 2916667, 330833, 66166, 131250, 59550, 103395, 13244, 6616667, 704438, 5912229),
      (20150716029001, '2025-01-10', 2916667, 291667, 145833, 145833, 100000, 100000, 0, 185000, 37000, 131250, 33300, 103395, 13244, 3700000, 503189, 3196811),
      (20150716029001, '2025-02-10', 2916667, 291667, 145833, 145833, 100000, 100000, 0, 185000, 37000, 131250, 33300, 103395, 13244, 3700000, 503189, 3196811),
      (20150716029001, '2025-03-10', 2916667, 291667, 145833, 145833, 100000, 100000, 0, 185000, 37000, 131250, 33300, 103395, 13244, 3700000, 503189, 3196811),
      (20150716029001, '2025-04-10', 2916667, 291667, 145833, 145833, 100000, 100000, 0, 185000, 37000, 131250, 33300, 103395, 13244, 3700000, 503189, 3196811),
      (20150716029001, '2025-05-10', 2916667, 291667, 145833, 145833, 100000, 100000, 0, 185000, 37000, 131250, 33300, 103395, 13244, 3700000, 503189, 3196811),
      (20150716029001, '2025-06-10', 2916667, 291667, 145833, 145833, 100000, 100000, 2916667, 330833, 66166, 131250, 59550, 103395, 13244, 6616667, 704438, 5912229),
      (20160208028001, '2024-05-10', 2916667, 291667, 145833, 145833, 100000, 100000, 0, 185000, 37000, 131250, 33300, 103395, 13244, 3700000, 503189, 3196811),
      (20160208028001, '2024-06-10', 2916667, 291667, 145833, 145833, 100000, 100000, 2916667, 330833, 66166, 131250, 59550, 103395, 13244, 6616667, 704438, 5912229),
      (20160208028001, '2024-07-10', 2916667, 291667, 145833, 145833, 100000, 100000, 0, 185000, 37000, 131250, 33300, 103395, 13244, 3700000, 503189, 3196811),
      (20160208028001, '2024-08-10', 2916667, 291667, 145833, 145833, 100000, 100000, 0, 185000, 37000, 131250, 33300, 103395, 13244, 3700000, 503189, 3196811),
      (20160208028001, '2024-09-10', 2916667, 291667, 145833, 145833, 100000, 100000, 0, 185000, 37000, 131250, 33300, 103395, 13244, 3700000, 503189, 3196811),
      (20160208028001, '2024-10-10', 2916667, 291667, 145833, 145833, 100000, 100000, 0, 185000, 37000, 131250, 33300, 103395, 13244, 3700000, 503189, 3196811),
      (20160208028001, '2024-11-10', 2916667, 291667, 145833, 145833, 100000, 100000, 0, 185000, 37000, 131250, 33300, 103395, 13244, 3700000, 503189, 3196811),
      (20160208028001, '2024-12-10', 2916667, 291667, 145833, 145833, 100000, 100000, 2916667, 330833, 66166, 131250, 59550, 103395, 13244, 6616667, 704438, 5912229),
      (20160208028001, '2025-01-10', 2916667, 291667, 145833, 145833, 100000, 100000, 0, 185000, 37000, 131250, 33300, 103395, 13244, 3700000, 503189, 3196811),
      (20160208028001, '2025-02-10', 2916667, 291667, 145833, 145833, 100000, 100000, 0, 185000, 37000, 131250, 33300, 103395, 13244, 3700000, 503189, 3196811),
      (20160208028001, '2025-03-10', 2916667, 291667, 145833, 145833, 100000, 100000, 0, 185000, 37000, 131250, 33300, 103395, 13244, 3700000, 503189, 3196811),
      (20160208028001, '2025-04-10', 2916667, 291667, 145833, 145833, 100000, 100000, 0, 185000, 37000, 131250, 33300, 103395, 13244, 3700000, 503189, 3196811),
      (20160208028001, '2025-05-10', 2916667, 291667, 145833, 145833, 100000, 100000, 0, 185000, 37000, 131250, 33300, 103395, 13244, 3700000, 503189, 3196811),
      (20160208028001, '2025-06-10', 2916667, 291667, 145833, 145833, 100000, 100000, 2916667, 330833, 66166, 131250, 59550, 103395, 13244, 6616667, 704438, 5912229),
      (20180808032001, '2024-05-10', 2916667, 291667, 145833, 145833, 100000, 100000, 0, 185000, 37000, 131250, 33300, 103395, 13244, 3700000, 503189, 3196811),
      (20180808032001, '2024-06-10', 2916667, 291667, 145833, 145833, 100000, 100000, 2916667, 330833, 66166, 131250, 59550, 103395, 13244, 6616667, 704438, 5912229),
      (20180808032001, '2024-07-10', 2916667, 291667, 145833, 145833, 100000, 100000, 0, 185000, 37000, 131250, 33300, 103395, 13244, 3700000, 503189, 3196811),
      (20180808032001, '2024-08-10', 2916667, 291667, 145833, 145833, 100000, 100000, 0, 185000, 37000, 131250, 33300, 103395, 13244, 3700000, 503189, 3196811),
      (20180808032001, '2024-09-10', 2916667, 291667, 145833, 145833, 100000, 100000, 0, 185000, 37000, 131250, 33300, 103395, 13244, 3700000, 503189, 3196811),
      (20180808032001, '2024-10-10', 2916667, 291667, 145833, 145833, 100000, 100000, 0, 185000, 37000, 131250, 33300, 103395, 13244, 3700000, 503189, 3196811),
      (20180808032001, '2024-11-10', 2916667, 291667, 145833, 145833, 100000, 100000, 0, 185000, 37000, 131250, 33300, 103395, 13244, 3700000, 503189, 3196811),
      (20180808032001, '2024-12-10', 2916667, 291667, 145833, 145833, 100000, 100000, 2916667, 330833, 66166, 131250, 59550, 103395, 13244, 6616667, 704438, 5912229),
      (20180808032001, '2025-01-10', 2916667, 291667, 145833, 145833, 100000, 100000, 0, 185000, 37000, 131250, 33300, 103395, 13244, 3700000, 503189, 3196811),
      (20180808032001, '2025-02-10', 2916667, 291667, 145833, 145833, 100000, 100000, 0, 185000, 37000, 131250, 33300, 103395, 13244, 3700000, 503189, 3196811),
      (20180808032001, '2025-03-10', 2916667, 291667, 145833, 145833, 100000, 100000, 0, 185000, 37000, 131250, 33300, 103395, 13244, 3700000, 503189, 3196811),
      (20180808032001, '2025-04-10', 2916667, 291667, 145833, 145833, 100000, 100000, 0, 185000, 37000, 131250, 33300, 103395, 13244, 3700000, 503189, 3196811),
      (20180808032001, '2025-05-10', 2916667, 291667, 145833, 145833, 100000, 100000, 0, 185000, 37000, 131250, 33300, 103395, 13244, 3700000, 503189, 3196811),
      (20180808032001, '2025-06-10', 2916667, 291667, 145833, 145833, 100000, 100000, 2916667, 330833, 66166, 131250, 59550, 103395, 13244, 6616667, 704438, 5912229),
      (20230520033001, '2024-05-10', 2916667, 291667, 145833, 145833, 100000, 100000, 0, 185000, 37000, 131250, 33300, 103395, 13244, 3700000, 503189, 3196811),
      (20230520033001, '2024-06-10', 2916667, 291667, 145833, 145833, 100000, 100000, 2916667, 330833, 66166, 131250, 59550, 103395, 13244, 6616667, 704438, 5912229),
      (20230520033001, '2024-07-10', 2916667, 291667, 145833, 145833, 100000, 100000, 0, 185000, 37000, 131250, 33300, 103395, 13244, 3700000, 503189, 3196811),
      (20230520033001, '2024-08-10', 2916667, 291667, 145833, 145833, 100000, 100000, 0, 185000, 37000, 131250, 33300, 103395, 13244, 3700000, 503189, 3196811),
      (20230520033001, '2024-09-10', 2916667, 291667, 145833, 145833, 100000, 100000, 0, 185000, 37000, 131250, 33300, 103395, 13244, 3700000, 503189, 3196811),
      (20230520033001, '2024-10-10', 2916667, 291667, 145833, 145833, 100000, 100000, 0, 185000, 37000, 131250, 33300, 103395, 13244, 3700000, 503189, 3196811),
      (20230520033001, '2024-11-10', 2916667, 291667, 145833, 145833, 100000, 100000, 0, 185000, 37000, 131250, 33300, 103395, 13244, 3700000, 503189, 3196811),
      (20230520033001, '2024-12-10', 2916667, 291667, 145833, 145833, 100000, 100000, 2916667, 330833, 66166, 131250, 59550, 103395, 13244, 6616667, 704438, 5912229),
      (20230520033001, '2025-01-10', 2916667, 291667, 145833, 145833, 100000, 100000, 0, 185000, 37000, 131250, 33300, 103395, 13244, 3700000, 503189, 3196811),
      (20230520033001, '2025-02-10', 2916667, 291667, 145833, 145833, 100000, 100000, 0, 185000, 37000, 131250, 33300, 103395, 13244, 3700000, 503189, 3196811),
      (20230520033001, '2025-03-10', 2916667, 291667, 145833, 145833, 100000, 100000, 0, 185000, 37000, 131250, 33300, 103395, 13244, 3700000, 503189, 3196811),
      (20230520033001, '2025-04-10', 2916667, 291667, 145833, 145833, 100000, 100000, 0, 185000, 37000, 131250, 33300, 103395, 13244, 3700000, 503189, 3196811),
      (20230520033001, '2025-05-10', 2916667, 291667, 145833, 145833, 100000, 100000, 0, 185000, 37000, 131250, 33300, 103395, 13244, 3700000, 503189, 3196811),
      (20230520033001, '2025-06-10', 2916667, 291667, 145833, 145833, 100000, 100000, 2916667, 330833, 66166, 131250, 59550, 103395, 13244, 6616667, 704438, 5912229),
      (20230423035001, '2024-05-10', 2916667, 291667, 145833, 145833, 100000, 100000, 0, 185000, 37000, 131250, 33300, 103395, 13244, 3700000, 503189, 3196811),
      (20230423035001, '2024-06-10', 2916667, 291667, 145833, 145833, 100000, 100000, 2916667, 330833, 66166, 131250, 59550, 103395, 13244, 6616667, 704438, 5912229),
      (20230423035001, '2024-07-10', 2916667, 291667, 145833, 145833, 100000, 100000, 0, 185000, 37000, 131250, 33300, 103395, 13244, 3700000, 503189, 3196811),
      (20230423035001, '2024-08-10', 2916667, 291667, 145833, 145833, 100000, 100000, 0, 185000, 37000, 131250, 33300, 103395, 13244, 3700000, 503189, 3196811),
      (20230423035001, '2024-09-10', 2916667, 291667, 145833, 145833, 100000, 100000, 0, 185000, 37000, 131250, 33300, 103395, 13244, 3700000, 503189, 3196811),
      (20230423035001, '2024-10-10', 2916667, 291667, 145833, 145833, 100000, 100000, 0, 185000, 37000, 131250, 33300, 103395, 13244, 3700000, 503189, 3196811),
      (20230423035001, '2024-11-10', 2916667, 291667, 145833, 145833, 100000, 100000, 0, 185000, 37000, 131250, 33300, 103395, 13244, 3700000, 503189, 3196811),
      (20230423035001, '2024-12-10', 2916667, 291667, 145833, 145833, 100000, 100000, 2916667, 330833, 66166, 131250, 59550, 103395, 13244, 6616667, 704438, 5912229),
      (20230423035001, '2025-01-10', 2916667, 291667, 145833, 145833, 100000, 100000, 0, 185000, 37000, 131250, 33300, 103395, 13244, 3700000, 503189, 3196811),
      (20230423035001, '2025-02-10', 2916667, 291667, 145833, 145833, 100000, 100000, 0, 185000, 37000, 131250, 33300, 103395, 13244, 3700000, 503189, 3196811),
      (20230423035001, '2025-03-10', 2916667, 291667, 145833, 145833, 100000, 100000, 0, 185000, 37000, 131250, 33300, 103395, 13244, 3700000, 503189, 3196811),
      (20230423035001, '2025-04-10', 2916667, 291667, 145833, 145833, 100000, 100000, 0, 185000, 37000, 131250, 33300, 103395, 13244, 3700000, 503189, 3196811),
      (20230423035001, '2025-05-10', 2916667, 291667, 145833, 145833, 100000, 100000, 0, 185000, 37000, 131250, 33300, 103395, 13244, 3700000, 503189, 3196811),
      (20230423035001, '2025-06-10', 2916667, 291667, 145833, 145833, 100000, 100000, 2916667, 330833, 66166, 131250, 59550, 103395, 13244, 6616667, 704438, 5912229),
      (20190817035001, '2024-05-10', 2916667, 291667, 145833, 145833, 100000, 100000, 0, 185000, 37000, 131250, 33300, 103395, 13244, 3700000, 503189, 3196811),
      (20190817035001, '2024-06-10', 2916667, 291667, 145833, 145833, 100000, 100000, 2916667, 330833, 66166, 131250, 59550, 103395, 13244, 6616667, 704438, 5912229),
      (20190817035001, '2024-07-10', 2916667, 291667, 145833, 145833, 100000, 100000, 0, 185000, 37000, 131250, 33300, 103395, 13244, 3700000, 503189, 3196811),
      (20190817035001, '2024-08-10', 2916667, 291667, 145833, 145833, 100000, 100000, 0, 185000, 37000, 131250, 33300, 103395, 13244, 3700000, 503189, 3196811),
      (20190817035001, '2024-09-10', 2916667, 291667, 145833, 145833, 100000, 100000, 0, 185000, 37000, 131250, 33300, 103395, 13244, 3700000, 503189, 3196811),
      (20190817035001, '2024-10-10', 2916667, 291667, 145833, 145833, 100000, 100000, 0, 185000, 37000, 131250, 33300, 103395, 13244, 3700000, 503189, 3196811),
      (20190817035001, '2024-11-10', 2916667, 291667, 145833, 145833, 100000, 100000, 0, 185000, 37000, 131250, 33300, 103395, 13244, 3700000, 503189, 3196811),
      (20190817035001, '2024-12-10', 2916667, 291667, 145833, 145833, 100000, 100000, 2916667, 330833, 66166, 131250, 59550, 103395, 13244, 6616667, 704438, 5912229),
      (20190817035001, '2025-01-10', 2916667, 291667, 145833, 145833, 100000, 100000, 0, 185000, 37000, 131250, 33300, 103395, 13244, 3700000, 503189, 3196811),
      (20190817035001, '2025-02-10', 2916667, 291667, 145833, 145833, 100000, 100000, 0, 185000, 37000, 131250, 33300, 103395, 13244, 3700000, 503189, 3196811),
      (20190817035001, '2025-03-10', 2916667, 291667, 145833, 145833, 100000, 100000, 0, 185000, 37000, 131250, 33300, 103395, 13244, 3700000, 503189, 3196811),
      (20190817035001, '2025-04-10', 2916667, 291667, 145833, 145833, 100000, 100000, 0, 185000, 37000, 131250, 33300, 103395, 13244, 3700000, 503189, 3196811),
      (20190817035001, '2025-05-10', 2916667, 291667, 145833, 145833, 100000, 100000, 0, 185000, 37000, 131250, 33300, 103395, 13244, 3700000, 503189, 3196811),
      (20190817035001, '2025-06-10', 2916667, 291667, 145833, 145833, 100000, 100000, 2916667, 330833, 66166, 131250, 59550, 103395, 13244, 6616667, 704438, 5912229),
      (20240818033001, '2024-05-10', 2916667, 291667, 145833, 145833, 100000, 100000, 0, 185000, 37000, 131250, 33300, 103395, 13244, 3700000, 503189, 3196811),
      (20240818033001, '2024-06-10', 2916667, 291667, 145833, 145833, 100000, 100000, 2916667, 330833, 66166, 131250, 59550, 103395, 13244, 6616667, 704438, 5912229),
      (20240818033001, '2024-07-10', 2916667, 291667, 145833, 145833, 100000, 100000, 0, 185000, 37000, 131250, 33300, 103395, 13244, 3700000, 503189, 3196811),
      (20240818033001, '2024-08-10', 2916667, 291667, 145833, 145833, 100000, 100000, 0, 185000, 37000, 131250, 33300, 103395, 13244, 3700000, 503189, 3196811),
      (20240818033001, '2024-09-10', 2916667, 291667, 145833, 145833, 100000, 100000, 0, 185000, 37000, 131250, 33300, 103395, 13244, 3700000, 503189, 3196811),
      (20240818033001, '2024-10-10', 2916667, 291667, 145833, 145833, 100000, 100000, 0, 185000, 37000, 131250, 33300, 103395, 13244, 3700000, 503189, 3196811),
      (20240818033001, '2024-11-10', 2916667, 291667, 145833, 145833, 100000, 100000, 0, 185000, 37000, 131250, 33300, 103395, 13244, 3700000, 503189, 3196811),
      (20240818033001, '2024-12-10', 2916667, 291667, 145833, 145833, 100000, 100000, 2916667, 330833, 66166, 131250, 59550, 103395, 13244, 6616667, 704438, 5912229),
      (20240818033001, '2025-01-10', 2916667, 291667, 145833, 145833, 100000, 100000, 0, 185000, 37000, 131250, 33300, 103395, 13244, 3700000, 503189, 3196811),
      (20240818033001, '2025-02-10', 2916667, 291667, 145833, 145833, 100000, 100000, 0, 185000, 37000, 131250, 33300, 103395, 13244, 3700000, 503189, 3196811),
      (20240818033001, '2025-03-10', 2916667, 291667, 145833, 145833, 100000, 100000, 0, 185000, 37000, 131250, 33300, 103395, 13244, 3700000, 503189, 3196811),
      (20240818033001, '2025-04-10', 2916667, 291667, 145833, 145833, 100000, 100000, 0, 185000, 37000, 131250, 33300, 103395, 13244, 3700000, 503189, 3196811),
      (20240818033001, '2025-05-10', 2916667, 291667, 145833, 145833, 100000, 100000, 0, 185000, 37000, 131250, 33300, 103395, 13244, 3700000, 503189, 3196811),
      (20240818033001, '2025-06-10', 2916667, 291667, 145833, 145833, 100000, 100000, 2916667, 330833, 66166, 131250, 59550, 103395, 13244, 6616667, 704438, 5912229),
      (20190508035001, '2024-05-10', 2916667, 291667, 145833, 145833, 100000, 100000, 0, 185000, 37000, 131250, 33300, 103395, 13244, 3700000, 503189, 3196811),
      (20190508035001, '2024-06-10', 2916667, 291667, 145833, 145833, 100000, 100000, 2916667, 330833, 66166, 131250, 59550, 103395, 13244, 6616667, 704438, 5912229),
      (20190508035001, '2024-07-10', 2916667, 291667, 145833, 145833, 100000, 100000, 0, 185000, 37000, 131250, 33300, 103395, 13244, 3700000, 503189, 3196811),
      (20190508035001, '2024-08-10', 2916667, 291667, 145833, 145833, 100000, 100000, 0, 185000, 37000, 131250, 33300, 103395, 13244, 3700000, 503189, 3196811),
      (20190508035001, '2024-09-10', 2916667, 291667, 145833, 145833, 100000, 100000, 0, 185000, 37000, 131250, 33300, 103395, 13244, 3700000, 503189, 3196811),
      (20190508035001, '2024-10-10', 2916667, 291667, 145833, 145833, 100000, 100000, 0, 185000, 37000, 131250, 33300, 103395, 13244, 3700000, 503189, 3196811),
      (20190508035001, '2024-11-10', 2916667, 291667, 145833, 145833, 100000, 100000, 0, 185000, 37000, 131250, 33300, 103395, 13244, 3700000, 503189, 3196811),
      (20190508035001, '2024-12-10', 2916667, 291667, 145833, 145833, 100000, 100000, 2916667, 330833, 66166, 131250, 59550, 103395, 13244, 6616667, 704438, 5912229),
      (20190508035001, '2025-01-10', 2916667, 291667, 145833, 145833, 100000, 100000, 0, 185000, 37000, 131250, 33300, 103395, 13244, 3700000, 503189, 3196811),
      (20190508035001, '2025-02-10', 2916667, 291667, 145833, 145833, 100000, 100000, 0, 185000, 37000, 131250, 33300, 103395, 13244, 3700000, 503189, 3196811),
      (20190508035001, '2025-03-10', 2916667, 291667, 145833, 145833, 100000, 100000, 0, 185000, 37000, 131250, 33300, 103395, 13244, 3700000, 503189, 3196811),
      (20190508035001, '2025-04-10', 2916667, 291667, 145833, 145833, 100000, 100000, 0, 185000, 37000, 131250, 33300, 103395, 13244, 3700000, 503189, 3196811),
      (20190508035001, '2025-05-10', 2916667, 291667, 145833, 145833, 100000, 100000, 0, 185000, 37000, 131250, 33300, 103395, 13244, 3700000, 503189, 3196811),
      (20190508035001, '2025-06-10', 2916667, 291667, 145833, 145833, 100000, 100000, 2916667, 330833, 66166, 131250, 59550, 103395, 13244, 6616667, 704438, 5912229),
      (20150220035001, '2024-05-10', 2916667, 291667, 145833, 145833, 100000, 100000, 0, 185000, 37000, 131250, 33300, 103395, 13244, 3700000, 503189, 3196811),
      (20150220035001, '2024-06-10', 2916667, 291667, 145833, 145833, 100000, 100000, 2916667, 330833, 66166, 131250, 59550, 103395, 13244, 6616667, 704438, 5912229),
      (20150220035001, '2024-07-10', 2916667, 291667, 145833, 145833, 100000, 100000, 0, 185000, 37000, 131250, 33300, 103395, 13244, 3700000, 503189, 3196811),
      (20150220035001, '2024-08-10', 2916667, 291667, 145833, 145833, 100000, 100000, 0, 185000, 37000, 131250, 33300, 103395, 13244, 3700000, 503189, 3196811),
      (20150220035001, '2024-09-10', 2916667, 291667, 145833, 145833, 100000, 100000, 0, 185000, 37000, 131250, 33300, 103395, 13244, 3700000, 503189, 3196811),
      (20150220035001, '2024-10-10', 2916667, 291667, 145833, 145833, 100000, 100000, 0, 185000, 37000, 131250, 33300, 103395, 13244, 3700000, 503189, 3196811),
      (20150220035001, '2024-11-10', 2916667, 291667, 145833, 145833, 100000, 100000, 0, 185000, 37000, 131250, 33300, 103395, 13244, 3700000, 503189, 3196811),
      (20150220035001, '2024-12-10', 2916667, 291667, 145833, 145833, 100000, 100000, 2916667, 330833, 66166, 131250, 59550, 103395, 13244, 6616667, 704438, 5912229),
      (20150220035001, '2025-01-10', 2916667, 291667, 145833, 145833, 100000, 100000, 0, 185000, 37000, 131250, 33300, 103395, 13244, 3700000, 503189, 3196811),
      (20150220035001, '2025-02-10', 2916667, 291667, 145833, 145833, 100000, 100000, 0, 185000, 37000, 131250, 33300, 103395, 13244, 3700000, 503189, 3196811),
      (20150220035001, '2025-03-10', 2916667, 291667, 145833, 145833, 100000, 100000, 0, 185000, 37000, 131250, 33300, 103395, 13244, 3700000, 503189, 3196811),
      (20150220035001, '2025-04-10', 2916667, 291667, 145833, 145833, 100000, 100000, 0, 185000, 37000, 131250, 33300, 103395, 13244, 3700000, 503189, 3196811),
      (20150220035001, '2025-05-10', 2916667, 291667, 145833, 145833, 100000, 100000, 0, 185000, 37000, 131250, 33300, 103395, 13244, 3700000, 503189, 3196811),
      (20150220035001, '2025-06-10', 2916667, 291667, 145833, 145833, 100000, 100000, 2916667, 330833, 66166, 131250, 59550, 103395, 13244, 6616667, 704438, 5912229),
      (20160324035001, '2024-05-10', 2916667, 291667, 145833, 145833, 100000, 100000, 0, 185000, 37000, 131250, 33300, 103395, 13244, 3700000, 503189, 3196811),
      (20160324035001, '2024-06-10', 2916667, 291667, 145833, 145833, 100000, 100000, 2916667, 330833, 66166, 131250, 59550, 103395, 13244, 6616667, 704438, 5912229),
      (20160324035001, '2024-07-10', 2916667, 291667, 145833, 145833, 100000, 100000, 0, 185000, 37000, 131250, 33300, 103395, 13244, 3700000, 503189, 3196811),
      (20160324035001, '2024-08-10', 2916667, 291667, 145833, 145833, 100000, 100000, 0, 185000, 37000, 131250, 33300, 103395, 13244, 3700000, 503189, 3196811),
      (20160324035001, '2024-09-10', 2916667, 291667, 145833, 145833, 100000, 100000, 0, 185000, 37000, 131250, 33300, 103395, 13244, 3700000, 503189, 3196811),
      (20160324035001, '2024-10-10', 2916667, 291667, 145833, 145833, 100000, 100000, 0, 185000, 37000, 131250, 33300, 103395, 13244, 3700000, 503189, 3196811),
      (20160324035001, '2024-11-10', 2916667, 291667, 145833, 145833, 100000, 100000, 0, 185000, 37000, 131250, 33300, 103395, 13244, 3700000, 503189, 3196811),
      (20160324035001, '2024-12-10', 2916667, 291667, 145833, 145833, 100000, 100000, 2916667, 330833, 66166, 131250, 59550, 103395, 13244, 6616667, 704438, 5912229),
      (20160324035001, '2025-01-10', 2916667, 291667, 145833, 145833, 100000, 100000, 0, 185000, 37000, 131250, 33300, 103395, 13244, 3700000, 503189, 3196811),
      (20160324035001, '2025-02-10', 2916667, 291667, 145833, 145833, 100000, 100000, 0, 185000, 37000, 131250, 33300, 103395, 13244, 3700000, 503189, 3196811),
      (20160324035001, '2025-03-10', 2916667, 291667, 145833, 145833, 100000, 100000, 0, 185000, 37000, 131250, 33300, 103395, 13244, 3700000, 503189, 3196811),
      (20160324035001, '2025-04-10', 2916667, 291667, 145833, 145833, 100000, 100000, 0, 185000, 37000, 131250, 33300, 103395, 13244, 3700000, 503189, 3196811),
      (20160324035001, '2025-05-10', 2916667, 291667, 145833, 145833, 100000, 100000, 0, 185000, 37000, 131250, 33300, 103395, 13244, 3700000, 503189, 3196811),
      (20160324035001, '2025-06-10', 2916667, 291667, 145833, 145833, 100000, 100000, 2916667, 330833, 66166, 131250, 59550, 103395, 13244, 6616667, 704438, 5912229);

-- 퇴직금
INSERT INTO retirement_pay (
    employee_id, total_bonus,
    month1, month1_salary,
    month2, month2_salary,
    month3, month3_salary,
    month4, month4_salary,
    retire_total, retire_income_tax,
    total_days, provision_actual,
    provision_situation, provision_date, remark
) VALUES
      (20240818033001, 0,'2025-05', 3700000,'2025-04', 3700000,'2025-03', 3700000,'2025-02', 3700000,34656666, 1143669,90, 33512997,'미지급', NULL, NULL),
      (20190508035001, 0,'2025-04', 3700000,'2025-03', 3700000, '2025-02', 3700000,'2025-01', 3700000,268866666, 8872599,90, 259994067,'지급완료', '2025-05-10', NULL),
      (20150220035001, 2916667,'2025-03', 3700000, '2025-02', 3700000,'2025-01', 3700000,'2024-12', 6616667,454730000, 15006090,90, 439723910,'지급완료', '2025-04-10', NULL),
      (20160324035001, 0,'2025-05', 3700000, '2025-04', 3700000,'2025-03', 3700000,'2025-02', 3700000,413166666, 13634499, 90, 399532167, '미지급', NULL, NULL);

-- 연차
INSERT INTO `leave` (
    employee_id,
    total_days,
    used_days,
    remaining_days,
    pending_leave_days,
    first_notice_date,
    second_notice_date
) VALUES
-- 최유진: emp 1999-12-08 → 2025-12-08 anniversary
(19991208002001, 15, 1.5, 13.5, 0, null, null),

-- 이정자: emp 2007-10-10 → 2025-10-10 anniversary (1차 2025-04-10은 지남 → 2026년 1차로)
(20071010003001, 15, 1.5, 13.5, 0, null, null),

-- 권영자: emp 2018-02-14 → 2025-02-14 anniversary (2025년 촉진일 모두 지남 → 2026년으로)
(20180214003001, 15, 0.5, 14.5, 0, null, null),

-- 박승민: emp 2022-12-11 → 2025-12-11 anniversary
(20221211003001, 15, 1.5, 13.5, 0, null, null),

-- 이은구: emp 2021-03-11 → 2025-03-11 anniversary (2025년 촉진일 지남 → 2026년으로)
(20210311002001, 15, 1.5, 13.5, 0, null, null),

-- 백구범: emp 2021-11-22 → 2025-11-22 anniversary (1차 2025-05-22 지남 → 2026년으로)
(20211122003001, 15, 0.5, 14.5, 0, null, null);

-- 연차사용이력
INSERT INTO leave_history (
    employee_id,
    leave_type,
    request_date,
    start_date,
    end_date,
    reason,
    leave_days,
    approval_status,
    reject_reason
) VALUES
-- 최유진 (19991208002001)
(19991208002001, '연차',    '2025-04-08', '2025-04-18', '2025-04-18', '가족행사',   1.0, '승인', NULL),
(19991208002001, '오전반차', '2025-05-02', '2025-05-12', '2025-05-12', '병원진료',   0.5, '승인', NULL),

-- 이정자 (20071010003001)
(20071010003001, '오전반차', '2025-04-15', '2025-04-25', '2025-04-25', '교육참석',   0.5, '승인', NULL),
(20071010003001, '연차',    '2025-05-10', '2025-05-20', '2025-05-20', '출장준비',   1.0, '승인', NULL),

-- 권영자 (20180214003001)
(20180214003001, '오후반차', '2025-04-20', '2025-04-30', '2025-04-30', '개인사유',   0.5, '승인', NULL),
(20180214003001, '연차',    '2025-05-05', '2025-05-15', '2025-05-15', '병원진료',   1.0, '반려', '서류미비'),

-- 박승민 (20221211003001)
(20221211003001, '연차',    '2025-04-12', '2025-04-22', '2025-04-22', '교육참석',   1.0, '승인', NULL),
(20221211003001, '오전반차', '2025-05-18', '2025-05-28', '2025-05-28', '가족행사',   0.5, '승인', NULL),

-- 이은구 (20210311002001)
(20210311002001, '오후반차', '2025-04-25', '2025-04-30', '2025-04-30', '교육참석',   0.5, '승인', NULL),
(20210311002001, '연차',    '2025-05-01', '2025-05-10', '2025-05-10', '개인휴가',   1.0, '승인', NULL),

-- 백구범 (20211122003001)
(20211122003001, '연차',    '2025-04-05', '2025-04-15', '2025-04-15', '병원진료',   1.0, '반려', '기간조정'),
(20211122003001, '오전반차', '2025-05-08', '2025-05-18', '2025-05-18', '출장준비',   0.5, '승인', NULL);

-- 촉진이력

-- 근무
insert into attendance
(employee_id, work_status_id, work_date, check_in_time, check_out_time, work_duration, overtime_type, overtime_duration, request_time, requested_time_change, approval_status, processed_time, reason, reject_reason)
values
    (20070420011001, 'ABSENT', '2025-06-03', '08:45:00', '18:05:00', 8, null, null, null, null, null, null, null, null),
    (20151123010001, 'LATE', '2025-06-05', '09:00:00', '18:00:00', 8, null, null, null, null, null, null, null, null),
    (20191003011001, 'BUSINESS_TRIP', '2025-06-09', '09:05:00', '18:00:00', 8, null, null, null, null, null, null, null, null),
    (20200715010001, 'FIELD_WORK', '2025-06-11', '09:05:00', '18:00:00', 8, null, null, null, null, null, null, null, null),
    (20230525012001, 'HALF_AM', '2025-06-13', '09:05:00', '18:00:00', 8, null, null, null, null, null, null, null, null),
    (20070420011001, 'HALF_PM', '2025-06-17', '08:45:00', '18:05:00', 8, null, null, null, null, null, null, null, null),
    (20151123010001, 'ANNUAL_LEAVE', '2025-06-17', '09:00:00', '18:00:00', 8, null, null, null, null, null, null, null, null),
    (20191003011001, 'BUSINESS_TRIP', '2025-06-20', '09:05:00', '18:00:00', 8, null, null, null, null, null, null, null, null),
    (20200715010001, 'FIELD_WORK', '2025-06-25', '09:05:00', '18:00:00', 8, null, null, null, null, null, null, null, null),
    (20230525012001, 'ANNUAL_LEAVE', '2025-06-25', '09:05:00', '18:00:00', 8, null, null, null, null, null, null, null, null);


-- 회의
insert into meeting
(team_id, employee_id, meeting_date, meeting_title, meeting_time)
values
    (4, 20070420011001, '2025-06-04', '개발 회의', '15:00'),
    (4, 20151123010001, '2025-06-09', '서비스리뷰', '14:30'),
    (4, 20191003011001, '2025-06-12', '테스트 회의', '10:00'),
    (4, 20200715010001, '2025-06-19', '평가', '15:30'),
    (4, 20230525012001, '2025-06-25', '피드백', '11:00');

-- 회의참여인원

-- 개인일정
insert into personal_schedule
(employee_id, schedule_date, schedule_title, schedule_time)
values
    (20151123010001, '2025-06-04', '보고서', '11:00'),
    (20151123010001, '2025-06-09', '병원예약', '13:00'),
    (20151123010001, '2025-06-26', '미팅', '14:30');


-- 계약
INSERT INTO contract (
    employee_id,
    contract_descrip,
    request_date,
    contract_date,
    end_date,
    contract_file_name,
    contract_file,
    contract_file_size
) VALUES
      (20151123010001, '개인 정보 수집 및 이용 동의서', '2025-05-26', '2025-05-27', '2026-05-27',
       'test7.pdf',
       'https://ddisbucket-fin.s3.ap-northeast-2.amazonaws.com/test7',
       102400),
      (20151123010001, '근로 계약서', '2025-05-26', '2025-05-27', '2026-05-27',
       'test6.pdf',
       'https://ddisbucket-fin.s3.ap-northeast-2.amazonaws.com/test6',
       204800),
      (20151123010001, '보안 서약서', '2025-05-26', '2025-05-27', '2026-05-27',
       'test5.pdf',
       'https://ddisbucket-fin.s3.ap-northeast-2.amazonaws.com/test5',
       153600),
      (20070601016001, '재직 증명서 요청 동의서', '2025-05-26', '2025-05-27', '2026-05-27',
       'test4.pdf',
       'https://ddisbucket-fin.s3.ap-northeast-2.amazonaws.com/test4',
       307200),
      (20071010003001, '가족관계 등록부 제출 동의서', '2025-05-26', '2025-05-27', '2026-05-27',
       'test3.pdf',
       'https://ddisbucket-fin.s3.ap-northeast-2.amazonaws.com/test3',
       256000),
      (20080415009001, '연봉 계약 확인서', '2025-05-26', '2025-05-27', '2026-05-27',
       'test.jpg',
       'https://ddisbucket-fin.s3.ap-northeast-2.amazonaws.com/test.jpg',
       128000),
      (20080807020001, '4대 보험 가입 신청서', '2025-05-26', '2025-05-27', '2026-05-27',
       'test.jpg',
       'https://ddisbucket-fin.s3.ap-northeast-2.amazonaws.com/test.jpg',
       128000),
      (20080820030001, '퇴직금 중간 정산 신청서', '2025-05-26', '2025-05-27', '2026-05-27',
       'test.pdf',
       'https://ddisbucket-fin.s3.ap-northeast-2.amazonaws.com/test',
       102400);
-- 징계
INSERT INTO disciplinary (
    employee_id,
    disciplinary_descrip,
    disciplinary_date,
    disciplinary_file_name,
    disciplinary_file,
    disciplinary_file_size
) VALUES
      (19960314030001, '지각 5회 이상으로 인한 경고 조치', '2023-05-10',
       'warning_19960314030001.pdf',
       'https://your-s3-bucket.s3.ap-northeast-2.amazonaws.com/disciplinary/warning_19960314030001.pdf',
       102400),
      (20031214015001, '업무 중 사적 통화 빈번', '2023-06-20',
       'warning_20031214015001.pdf',
       'https://your-s3-bucket.s3.ap-northeast-2.amazonaws.com/disciplinary/warning_20031214015001.pdf',
       204800),
      (20151123010001, '사내 규정 미준수', '2023-07-15',
       'warning_20121215029001.pdf',
       'https://your-s3-bucket.s3.ap-northeast-2.amazonaws.com/disciplinary/warning_20121215029001.pdf',
       153600),
      (20160208028001, '보안 시스템 무단 접근 시도', '2023-08-05',
       'warning_20160208028001.pdf',
       'https://your-s3-bucket.s3.ap-northeast-2.amazonaws.com/disciplinary/warning_20160208028001.pdf',
       307200),
      (20160324035001, '지시 불이행 및 업무 누락', '2023-09-10',
       'warning_20160324035001.pdf',
       'https://your-s3-bucket.s3.ap-northeast-2.amazonaws.com/disciplinary/warning_20160324035001.pdf',
       256000),
      (20181023009001, '반복적인 태도 불량', '2023-10-20',
       'warning_20181023009001.pdf',
       'https://your-s3-bucket.s3.ap-northeast-2.amazonaws.com/disciplinary/warning_20181023009001.pdf',
       128000),
      (20180912024001, '허위 보고서 작성', '2023-11-15',
       'warning_20180912024001.pdf',
       'https://your-s3-bucket.s3.ap-northeast-2.amazonaws.com/disciplinary/warning_20180912024001.pdf',
       51200),
      (20200618019001, '무단 외출 및 이탈', '2024-01-10',
       'warning_20200618019001.pdf',
       'https://your-s3-bucket.s3.ap-northeast-2.amazonaws.com/disciplinary/warning_20200618019001.pdf',
       204800),
      (20210726006001, '협업 중 욕설 사용', '2024-02-05',
       'warning_20210726006001.pdf',
       'https://your-s3-bucket.s3.ap-northeast-2.amazonaws.com/disciplinary/warning_20210726006001.pdf',
       102400),
      (20220626005001, '출근 기록 조작 시도', '2024-03-12',
       'warning_20220626005001.pdf',
       'https://your-s3-bucket.s3.ap-northeast-2.amazonaws.com/disciplinary/warning_20220626005001.pdf',
       256000);

-- 목표
-- 1. Insert into goal with 실제 사원번호 적용
INSERT INTO goal (
  goal_id, goal_title, goal_content, goal_value, goal_weight, goal_created_at, employee_id
) VALUES
      (1,  '신규 고객 20명 확보',       '월별 신규 고객 유치 활동',       20,   30, '2025-01-01 09:00:00', 20180214003001),
      (2,  '신규 고객 15명 확보',       '온라인 프로모션 진행',             15,   25, '2025-01-02 09:00:00', 20221211003001),
      (3,  '기존 고객 유지율 90%',     '고객 만족도 조사',                 90,   45, '2025-01-03 09:00:00', 20210311002001),
      (4,  '매출 1000만원 달성',        '월간 매출 보고',                  1000, 40, '2025-01-04 09:00:00', 20211122003001),
      (5,  '신규 프로젝트 2건 수주',    '제안서 작성 및 제출',              2,   35, '2025-01-05 09:00:00', 20170911006001),
      (6,  '반품률 5% 이하 유지',       '품질 개선 활동',                   5,   20, '2025-01-06 09:00:00', 20170406005001),
      (7,  'CS 만족도 95%',           '고객 피드백 관리',                 95,   30, '2025-01-07 09:00:00', 20220626005001),
      (8,  '신제품 3개 출시',          'R&D 협업',                         3,   50, '2025-01-08 09:00:00', 20181023009001),
      (9,  '웹사이트 방문자 5000명',    'SEO 최적화',                    5000,  30, '2025-01-09 09:00:00', 20150702008001),
      (10, '이직률 2% 이하 유지',       '사내 문화 개선',                   2,   25, '2025-01-10 09:00:00', 20181103008001),
      (11, '재고 회전율 8회/년',        '재고 관리 시스템 개선',             8,   35, '2025-01-11 09:00:00', 20170602007001),
      (12, '영업 회의 12회 참석',       '회의 안건 준비',                  12,   15, '2025-01-12 09:00:00', 20191003011001),
      (13, '고객 클레임 10건 이하',      '품질 모니터링',                   10,   20, '2025-01-13 09:00:00', 20230525012001),
      (14, '신규 파트너 5개 확보',       '사업 제휴 추진',                   5,   45, '2025-01-14 09:00:00', 20200715010001),
      (15, '서비스 장애 3건 이하',       '인프라 관리',                     3,   30, '2025-01-15 09:00:00', 20180609013001),
      (16, '개발 버그 20건 수정',        'QA 협업',                        20,   40, '2025-01-16 09:00:00', 20150102013001),
      (17, '이메일 오픈율 25%',         '캠페인 실행',                     25,   25, '2025-01-17 09:00:00', 20191101018001),
      (18, '월간 리포트 12건 작성',      '보고서 작성',                     12,   15, '2025-01-18 09:00:00', 20170226016001),
      (19, 'CSR 행사 4회 기획',         '사회 공헌 활동',                   4,   20, '2025-01-19 09:00:00', 20211108018001),
      (20, '내부 교육 10회 진행',        '강의 자료 준비',                  10,   30, '2025-01-20 09:00:00', 20211108018001),
      (21, '월간 비용 500만원 절감',      '비용 절감 방안',                 500,  25, '2025-01-21 09:00:00', 20201004019001),
      (22, '광고 클릭율 3%',            '광고 최적화',                      3,   35, '2025-01-22 09:00:00', 20240226020001),
      (23, '모바일 앱 다운로드 2000건',  '앱 마케팅',                    2000,  40, '2025-01-23 09:00:00', 20200618019001),
      (24, '문서 자동화율 80%',         'RPA 도입',                        80,   50, '2025-01-24 09:00:00', 20150902023001),
      (25, '서버 가용성 99.9%',         '인프라 안정화',                 99.9,  45, '2025-01-25 09:00:00', 20180603022001),
      (26, '보안 사고 0건',            '보안 점검 강화',                   0,   60, '2025-01-26 09:00:00', 20180912024001),
      (27, '월간 블로그 게시 8건',       '콘텐츠 제작',                     8,   15, '2025-01-27 09:00:00', 20180912024001),
      (28, 'SNS 팔로워 3000명',         'SNS 캠페인',                  3000,  20, '2025-01-28 09:00:00', 20201208025001),
      (29, '워크숍 2회 개최',           '교육 프로그램 설계',               2,   30, '2025-01-29 09:00:00', 20150518027001),
      (30, '월간 피드백 100건',         '고객 설문조사',                  100,  25, '2025-01-30 09:00:00', 20160115025001);


-- 자기평가 (실적)
-- 2. Insert into selfreview
INSERT INTO selfreview (
    performance_value, selfreview_status, selfreview_created_at, selfreview_approve_date, goal_id, employee_id_selfreviewer, selfreview_content, reviewer_score, reviewer_created_at, reviewer_content, employee_id_reviewer
) VALUES
      (10.0, '승인', '2025-02-01 09:00:00', '2025-02-02 10:00:00', 1, 20180214003001, '첫 번째 목표 자기 평가 완료', 85, '2025-02-02 11:00:00', '좋은 결과입니다', 20071010003001),
      (20.5, '승인', '2025-02-01 09:10:00', '2025-02-02 10:10:00', 2, 20221211003001, '두 번째 목표 일정에 맞게 수행', 88, '2025-02-02 11:10:00', '완벽합니다', 20071010003001),
      (30.0, '반려', '2025-02-01 09:20:00', '2025-02-02 10:20:00', 3, 20210311002001, '세 번째 목표 일부 미완료', 60, '2025-02-02 11:20:00', '수정 필요', 20071010003001),
      (40.7, '승인', '2025-02-01 09:30:00', '2025-02-02 10:30:00', 4, 20211122003001, '네 번째 목표 예상 초과 달성', 92, '2025-02-02 11:30:00', '훌륭합니다', 20071010003001),
      (50.2, '승인', '2025-02-01 09:40:00', '2025-02-02 10:40:00', 5, 20170911006001, '다섯 번째 목표 중간 검토 통과', 75, '2025-02-02 11:40:00', '진행 좋습니다', 20110315004001),
      (60.0, '승인', '2025-02-01 09:50:00', '2025-02-02 10:50:00', 6, 20170406005001, '여섯 번째 목표 완료', 89, '2025-02-02 11:50:00', '좋은 성과', 20110315004001),
      (70.0, '승인', '2025-02-01 10:00:00', '2025-02-02 11:00:00', 7, 20220626005001, '일곱 번째 목표 달성률 보고', 80, '2025-02-02 12:00:00', '양호', 20110315004001),
      (80.0, '승인', '2025-02-01 10:10:00', '2025-02-02 11:10:00', 8, 20181023009001, '여덟 번째 목표 우수', 95, '2025-02-02 12:10:00', '탁월합니다', 20080415009001),
      (90.0, '반려', '2025-02-01 10:20:00', '2025-02-02 11:20:00', 9, 20150702008001, '아홉 번째 목표 데이터 오류', 58, '2025-02-02 12:20:00', '다시 제출', 20080415009001),
      (100.0, '승인', '2025-02-01 10:30:00', '2025-02-02 11:30:00', 10, 20181103008001, '열 번째 목표 완벽 완료', 100, '2025-02-02 12:30:00', '최고입니다', 20080415009001),
      (15.0, '대기', '2025-02-01 10:40:00', NULL, 11, 20170602007001, '열한 번째 목표 평가 대기', NULL, NULL, NULL, 20080415009001),
      (25.0, '승인', '2025-02-01 10:50:00', '2025-02-02 11:50:00', 12, 20191003011001, '열두 번째 목표 검토 완료', 83, '2025-02-02 12:50:00', '양호합니다', 20070420011001),
      (35.0, '승인', '2025-02-01 11:00:00', '2025-02-02 13:00:00', 13, 20230525012001, '열세 번째 목표 진행 예측성', 78, '2025-02-02 13:00:00', '노력하세요', 20070420011001),
      (45.0, '승인', '2025-02-01 11:10:00', '2025-02-02 14:10:00', 14, 20200715010001, '열네 번째 목표 검토 요청', 88, '2025-02-02 14:10:00', '좋아요', 20070420011001),
      (55.0, '반려', '2025-02-01 11:20:00', '2025-02-02 15:20:00', 15, 20180609013001, '열다섯 번째 목표 미흡', 62, '2025-02-02 15:20:00', '재작성 필요', 20140816014001),
      (65.0, '승인', '2025-02-01 11:30:00', '2025-02-02 16:30:00', 16, 20150102013001, '열여섯 번째 목표 완료 보고', 85, '2025-02-02 16:30:00', '계속하세요', 20140816014001),
      (75.0, '승인', '2025-02-01 11:40:00', '2025-02-02 17:40:00', 17, 20191101018001, '열일곱 번째 목표 절반 달성', 90, '2025-02-02 17:40:00', '잘했습니다', 20070601016001),
      (85.0, '승인', '2025-02-01 11:50:00', '2025-02-02 18:50:00', 18, 20170226016001, '열여덟 번째 목표 리뷰 완료', 92, '2025-02-02 18:50:00', '우수합니다', 20070601016001),
      (95.0, '승인', '2025-02-01 12:00:00', '2025-02-02 19:00:00', 19, 20211108018001, '열아홉 번째 목표 달성 완료', 97, '2025-02-02 19:00:00', '탁월합니다', 20070601016001),
      (5.0, '대기', '2025-02-01 12:10:00', NULL, 20, 20211108018001, '스무 번째 목표 평가 대기', NULL, NULL, NULL, 20070601016001),
      (12.0, '승인', '2025-02-01 12:20:00', '2025-02-02 19:20:00', 21, 20201004019001, '스물한 번째 목표 완료 보고', 81, '2025-02-02 20:20:00', '좋아요', 20080807020001),
      (22.0, '승인', '2025-02-01 12:30:00', '2025-02-02 20:30:00', 22, 20240226020001, '스물두 번째 목표 완수', 84, '2025-02-02 21:30:00', '괜찮습니다', 20080807020001),
      (32.0, '승인', '2025-02-01 12:40:00', '2025-02-02 21:40:00', 23, 20200618019001, '스물세 번째 목표 달성', 89, '2025-02-02 22:40:00', '우수해요', 20080807020001),
      (42.0, '반려', '2025-02-01 12:50:00', '2025-02-02 22:50:00', 24, 20150902023001, '스물네 번째 목표 미흡', 70, '2025-02-02 23:50:00', '다시 시도', 20120609023001),
      (52.0, '승인', '2025-02-01 13:00:00', '2025-02-03 00:00:00', 25, 20180603022001, '스물다섯 번째 목표 완료', 91, '2025-02-03 00:50:00', '굿!', 20120609023001),
      (62.0, '승인', '2025-02-01 13:10:00', '2025-02-03 01:05:00', 26, 20180912024001, '스물여섯 번째 목표 완료', 93, '2025-02-03 01:55:00', '탁월합니다', 20120609023001),
      (72.0, '승인', '2025-02-01 13:20:00', '2025-02-03 02:10:00', 27, 20180912024001, '스물일곱 번째 목표 완료', 95, '2025-02-03 02:50:00', '최고예요', 20120609023001),
      (82.0, '승인', '2025-02-01 13:30:00', '2025-02-03 03:15:00', 28, 20201208025001, '스물여덟 번째 목표 완료', 96, '2025-02-03 03:45:00', '멋집니다', 20110516027001),
      (92.0, '승인', '2025-02-01 13:40:00', '2025-02-03 04:20:00', 29, 20150518027001, '스물아홉 번째 목표 완료', 98, '2025-02-03 04:35:00', '완벽해요', 20110516027001), 
      (100.0, '승인', '2025-02-01 13:50:00', '2025-02-03 05:00:00', 30, 20160115025001, '서른 번째 목표 완료', 100, '2025-02-03 05:00:00', '최고입니다', 20110516027001);
-- 실적파일

-- 평가등급
INSERT INTO review_grade (
    review_grade_id, review_min_score, review_max_score, review_grade, employee_id
) VALUES
      (1, 0, 59, 'Ｅ', 20121215029001),
      (2, 60, 69, 'D', 20121215029001),
      (3, 70, 79, 'C', 20121215029001),
      (4, 80, 89, 'B', 20121215029001),
      (5, 90, 100, 'A', 20121215029001);

# 평가
INSERT INTO review (
    review_score, review_grade_id, employee_id, selfreview_id
) VALUES
     (32, 1, 20180214003001, 1),
     (41, 1, 20221211003001, 2),
     (39, 1, 20210311002001, 3),
     (56, 1, 20211122003001, 4),
     (58, 1, 20170911006001, 5),
     (69, 2, 20170406005001, 6),
     (73, 3, 20220626005001, 7),
     (84, 4, 20181023009001, 8),
     (80, 4, 20150702008001, 9),
     (37, 1, 20181103008001, 10),
     (0, 1, 20170602007001, 11),
     (28, 1, 20191003011001, 12),
     (28, 1, 20230525012001, 13),
     (33, 1, 20200715010001, 14),
     (28, 1, 20180609013001, 15);
-- 인사발령
INSERT INTO appointment (
    employee_id, from_head_code, to_head_code,
    from_department_code, to_department_code,
    from_team_code, to_team_code,
    from_position_code, to_position_code,
    from_rank_code, to_rank_code,
    from_job_code, to_job_code,
    appointment_type, appointment_reason,
    appointment_created_at, appointment_effective_date,
    appointment_status, is_applied
) VALUES
-- 1. 전보: 같은 직무, 조직만 이동
(20151123010001, 'H001', 'H001', 'D001', 'D002', 'T001', 'T004', 'P001', 'P001', 'R001', 'R001', 'J001', 'J010', '전보', '팀 간 전보', '2025-01-01', '2025-02-01', '승인', TRUE),

-- 2. 전직: 개발 -> 인사
(20180609013001, 'H001', 'H002', 'D001', 'D003', 'T002', 'T005', 'P001', 'P001', 'R001', 'R001', 'J002', 'J013', '전직', '직무 변경에 따른 전직', '2024-02-01', '2024-03-01', '승인', TRUE),

-- 3. 승진: 과장 → 부장
(20040718021001, 'H002', 'H002', 'D004', 'D004', 'T007', 'T007', 'P002', 'P003', 'R003', 'R004', 'J019', 'J021', '승진', '성과에 따른 승진', '2022-03-01', '2022-04-01', '승인', TRUE),

-- 4. 직무 변경: 같은 팀 내 직무 변경
(20160718031001, 'H003', 'H003', 'D006', 'D006', 'T011', 'T011', 'P001', 'P001', 'R002', 'R002', 'J030', 'J031', '전직', '역량에 따른 직무 조정', '2024-04-01', '2024-05-01', '승인', TRUE),

-- 5. 직급 조정: 대리 → 과장
(20170226016001, 'H002', 'H002', 'D003', 'D003', 'T006', 'T006', 'P001', 'P001', 'R001', 'R002', 'J016', 'J016', '직급조정', '조직개편에 따른 직급 변경', '2024-04-15', '2024-05-01', '승인', TRUE),

-- 6. 전보: 마케팅부 내 팀 이동
(20160208028001, 'H003', 'H003', 'D005', 'D005', 'T009', 'T010', 'P001', 'P001', 'R001', 'R001', 'J025', 'J028', '전보', '부서 내 팀 간 전보', '2024-05-01', '2024-06-01', '승인', TRUE),

-- 7. 전직: 인사 → 세무
(20180603022001, 'H002', 'H002', 'D003', 'D004', 'T005', 'T008', 'P001', 'P001', 'R002', 'R002', 'J013', 'J022', '전직', '희망 직무 변경', '2024-05-15', '2024-06-15', '대기', FALSE),

-- 개발부장
(19940109004001, 'H001', 'H001', 'D002', '소속없음', '소속없음', '소속없음', 'P003', 'P004', 'R004', 'R005', '없음', '없음', '승진', '본부장 승진', '2024-06-01', '2024-07-01', '승인', TRUE),

-- 9. 직무 변경: 같은 부서 내 기획 → 제작
(20170406005001, 'H001', 'H001', 'D001', 'D001', 'T002', 'T002', 'P001', 'P001', 'R002', 'R002', 'J004', 'J005', '전직', '직무 역량 전환', '2024-06-15', '2024-07-15', '승인', TRUE),

-- 10. 직급조정: 부장 → 과장
(20160718031001, 'H003', 'H003', 'D006', 'D006', 'T011', 'T011', 'P002', 'P001', 'R003', 'R002', 'J031', 'J031', '직급조정', '조직 개편에 따른 직급 하향', '2024-07-01', '2024-08-01', '반려', FALSE),
(20110315004001, 'H001', 'H001', 'D002', 'D001', 'T003', 'T002', 'P002', 'P002', 'R003', 'R003', 'J007', 'J004', '전보', '전보에 따른 인사 조정', '2024-04-06', '2024-05-06', '승인', TRUE),
(20070512035001, 'H003', 'H003', 'D006', 'D006', 'T012', 'T012', 'P002', 'P002', 'R003', 'R003', 'J033', 'J035', '전직', '직무에 따른 인사 조정', '2024-02-06', '2024-02-21', '승인', TRUE),
(20170911006001, 'H001', 'H001', 'D001', 'D001', 'T002', 'T002', 'P001', 'P001', 'R001', 'R002', 'J006', 'J006', '승진', '승진에 따른 인사 조정', '2022-03-28', '2022-05-01', '승인', TRUE),
(20170406005001, 'H001', 'H001', 'D002', 'D001', 'T003', 'T002', 'P001', 'P001', 'R002', 'R002', 'J007', 'J005', '전직', '전직에 따른 인사 조정', '2024-05-03', '2024-05-29', '승인', TRUE),
(20210311002001, 'H002', 'H001', 'D004', 'D001', 'T007', 'T001', 'P001', 'P001', 'R001', 'R001', 'J019', 'J002', '전보', '부서 이동에 따른 인사 조정', '2024-05-18', '2024-07-04', '승인', TRUE),
(20120609023001, 'H001', 'H002', 'D002', 'D004', 'T003', 'T008', 'P002', 'P002', 'R003', 'R003', 'J008', 'J023', '전직', '전직에 따른 인사 조정', '2024-01-18', '2024-03-05', '승인', TRUE),
(19960314030001, 'H003', 'H003', 'D006', 'D006', 'T011', 'T011', 'P002', 'P003', 'R003', 'R004', 'J030', 'J030', '직급조정', '직급조정에 따른 인사 조정', '2024-03-10', '2024-04-06', '승인', TRUE),
(20170602007001, 'H001', 'H001', 'D002', 'D002', 'T003', 'T003', 'P001', 'P001', 'R002', 'R002', 'J009', 'J007', '전직', '직무에 따른 인사 조정', '2024-02-15', '2024-03-18', '반려', FALSE),
(20221211003001, 'H001', 'H001', 'D001', 'D001', 'T001', 'T001', 'P001', 'P001', 'R001', 'R002', 'J002', 'J003', '직급조정', '직급조정에 따른 인사 조정', '2024-01-12', '2024-02-10', '승인', TRUE),
(20140816014001, 'H002', 'H002', 'D003', 'D003', 'T005', 'T005', 'P001', 'P002', 'R002', 'R003', 'J014', 'J014', '승진', '승진에 따른 인사 조정', '2022-05-27', '2022-06-16', '반려', FALSE),
(20180214003001, 'H003', 'H001', 'D005', 'D001', 'T009', 'T001', 'P001', 'P001', 'R002', 'R002', 'J025', 'J003', '전직', '전직에 따른 인사 조정', '2024-01-07', '2024-01-26', '승인', TRUE),
(20120609023001, 'H002', 'H002', 'D004', 'D004', 'T008', 'T008', 'P001', 'P002', 'R002', 'R003', 'J023', 'J023', '승진', '승진에 따른 인사 조정', '2022-05-19', '2022-07-15', '승인', TRUE),
(20210726006001, 'H001', 'H001', 'D001', 'D001', 'T002', 'T002', 'P001', 'P001', 'R001', 'R002', 'J006', 'J006', '승진', '승진에 따른 인사 조정', '2022-05-19', '2022-06-16', '승인', TRUE),
(20181103008001, 'H001', 'H001', 'D002', 'D002', 'T003', 'T003', 'P001', 'P001', 'R002', 'R001', 'J008', 'J008', '직급조정', '직급조정에 따른 인사 조정', '2024-01-15', '2024-02-29', '승인', TRUE),
(20191101018001, 'H002', 'H002', 'D003', 'D003', 'T006', 'T006', 'P001', 'P001', 'R001', 'R002', 'J018', 'J018', '승진', '승진에 따른 인사 조정', '2022-05-17', '2022-06-26', '승인', TRUE),
(20191216014001, 'H002', 'H002', 'D003', 'D003', 'T005', 'T005', 'P002', 'P001', 'R003', 'R002', 'J014', 'J014', '직급조정', '직급조정에 따른 인사 조정', '2024-03-09', '2024-05-04', '승인', TRUE),
(20071010003001, 'H001', 'H001', 'D002', 'D001', 'T004', 'T001', 'P002', 'P002', 'R003', 'R003', 'J012', 'J003', '전직', '전보에 따른 인사 조정', '2024-02-15', '2024-03-01', '승인', TRUE),
(20211108018001, 'H002', 'H002', 'D004', 'D003', 'T008', 'T006', 'P001', 'P001', 'R001', 'R001', 'J024', 'J018', '전보', '전보에 따른 인사 조정', '2024-02-23', '2024-04-16', '승인', TRUE),
(20160324035001, 'H001', 'H003', 'D001', 'D006', 'T001', 'T012', 'P001', 'P001', 'R001', 'R001', 'J001', 'J035', '전직', '전직에 따른 인사 조정', '2025-06-15', '2025-07-15', '대기', FALSE),
(19991208002001, 'H001', 'H001', 'D001', 'D001', 'T001', 'T001', 'P002', 'P003', 'R003', 'R004', 'J002', 'J002', '승진', '승진에 따른 인사 조정', '2025-06-05', '2025-07-15', '대기', FALSE);

-- 발령이력
INSERT INTO appointment_history (
    appointment_id, employee_id, from_head_code, to_head_code,
    from_department_code, to_department_code,
    from_team_code, to_team_code,
    from_position_code, to_position_code,
    from_rank_code, to_rank_code,
    from_job_code, to_job_code,
    appointment_type, appointment_reason,
    appointment_created_at, appointment_effective_date,
    appointment_status, appointment_history_created_at
) VALUES
-- 1. 전보: 같은 직무, 조직만 이동
(1, 20151123010001, 'H001', 'H001', 'D001', 'D002', 'T001', 'T004', 'P001', 'P001', 'R001', 'R001', 'J001', 'J010', '전보', '팀 간 전보', '2025-01-01', '2025-02-01', '승인', '2025-01-21'),

-- 2. 전직: 개발 -> 인사
(2, 20180609013001, 'H001', 'H002', 'D001', 'D003', 'T002', 'T005', 'P001', 'P001', 'R001', 'R001', 'J002', 'J013', '전직', '직무 변경에 따른 전직', '2024-02-01', '2024-03-01', '승인', '2025-02-19'),

-- 3. 승진: 과장 → 부장
(3, 20040718021001, 'H002', 'H002', 'D004', 'D004', 'T007', 'T007', 'P002', 'P003', 'R003', 'R004', 'J019', 'J021', '승진', '성과에 따른 승진',  '2022-03-01', '2022-04-01', '승인', '2025-03-17'),

-- 4. 직무 변경: 같은 팀 내 직무 변경
(4, 20160718031001, 'H003', 'H003', 'D006', 'D006', 'T011', 'T011', 'P001', 'P001', 'R002', 'R002', 'J030', 'J031', '전직', '역량에 따른 직무 조정', '2024-04-01', '2024-05-01', '승인', '2024-04-15'),

-- 5. 직급 조정: 대리 → 과장
(5, 20170226016001, 'H002', 'H002', 'D003', 'D003', 'T006', 'T006', 'P001', 'P001', 'R001', 'R002', 'J016', 'J016', '직급조정', '조직개편에 따른 직급 변경', '2024-04-15', '2024-05-01', '승인', '2024-04-27'),

-- 6. 전보: 마케팅부 내 팀 이동
(6, 20160208028001, 'H003', 'H003', 'D005', 'D005', 'T009', 'T010', 'P001', 'P001', 'R001', 'R001', 'J025', 'J028', '전보', '부서 내 팀 간 전보', '2024-05-01', '2024-06-01', '승인', '2025-05-21'),

-- 7. 전직: 인사 → 세무
(7, 20180603022001, 'H002', 'H002', 'D003', 'D004', 'T005', 'T008', 'P001', 'P001', 'R002', 'R002', 'J013', 'J022', '전직', '희망 직무 변경', '2024-05-15', '2024-06-15', '대기', '2025-06-03'),

-- 8. 승진: 상무 → 사장
(8, 19940109004001, 'H001', 'H001', 'D002', '소속없음', '소속없음', '소속없음', 'P003', 'P004', 'R004', 'R005', '없음', '없음', '승진', '본부장 승진', '2024-06-01', '2024-07-01', '승인', '2024-06-17'),

-- 9. 직무 변경: 같은 부서 내 기획 → 제작
(9, 20170406005001, 'H001', 'H001', 'D001', 'D001', 'T002', 'T002', 'P001', 'P001', 'R002', 'R002', 'J004', 'J005', '전직', '직무 역량 전환', '2024-06-15', '2024-07-15', '승인', '2024-07-11'),

-- 10. 직급조정: 부장 → 과장
(10, 20160718031001, 'H003', 'H003', 'D006', 'D006', 'T011', 'T011', 'P002', 'P001', 'R003', 'R002', 'J031', 'J031', '직급조정', '조직 개편에 따른 직급 하향', '2024-07-01', '2024-08-01', '반려', '2024-07-11'),
(11, 20110315004001, 'H001', 'H001', 'D002', 'D001', 'T003', 'T002', 'P002', 'P002', 'R003', 'R003', 'J007', 'J004', '전보', '전보에 따른 인사 조정', '2024-04-06', '2024-05-06', '승인', '2024-04-15'),
(12, 20070512035001, 'H003', 'H003', 'D006', 'D006', 'T012', 'T012', 'P002', 'P002', 'R003', 'R003', 'J033', 'J035', '전직', '직무에 따른 인사 조정', '2024-02-06', '2024-02-21', '승인', '2024-02-10'),
(13, 20170911006001, 'H001', 'H001', 'D001', 'D001', 'T002', 'T002', 'P001', 'P001', 'R001', 'R002', 'J006', 'J006', '승진', '승진에 따른 인사 조정', '2022-03-28', '2022-05-01', '승인', '2022-04-22'),
(14, 20170406005001, 'H001', 'H001', 'D002', 'D001', 'T003', 'T002', 'P001', 'P001', 'R002', 'R002', 'J007', 'J005', '전직', '전직에 따른 인사 조정', '2024-05-03', '2024-05-29', '승인', '2024-05-26'),
(15, 20210311002001, 'H002', 'H001', 'D004', 'D001', 'T007', 'T001', 'P001', 'P001', 'R001', 'R001', 'J019', 'J002', '전보', '부서 이동에 따른 인사 조정', '2024-05-18', '2024-07-04', '승인', '2024-05-24'),
(16, 20120609023001, 'H001', 'H002', 'D002', 'D004', 'T003', 'T008', 'P002', 'P002', 'R003', 'R003', 'J008', 'J023', '전직', '전직에 따른 인사 조정', '2024-01-18', '2024-03-05', '승인', '2025-02-10'),
(17, 19960314030001, 'H003', 'H003', 'D006', 'D006', 'T011', 'T011', 'P002', 'P003', 'R003', 'R004', 'J030', 'J030', '직급조정', '직급조정에 따른 인사 조정', '2024-03-10', '2024-04-06', '승인', '2025-03-27'),
(18, 20170602007001, 'H001', 'H001', 'D002', 'D002', 'T003', 'T003', 'P001', 'P001', 'R002', 'R002', 'J009', 'J007', '전직', '직무에 따른 인사 조정', '2024-02-15', '2024-03-18', '반려', '2025-02-28'),
(19, 20221211003001, 'H001', 'H001', 'D001', 'D001', 'T001', 'T001', 'P001', 'P001', 'R001', 'R002', 'J002', 'J003', '직급조정', '직급조정에 따른 인사 조정', '2024-01-12', '2024-02-10', '승인', '2024-02-01'),
(20, 20140816014001, 'H002', 'H002', 'D003', 'D003', 'T005', 'T005', 'P001', 'P002', 'R002', 'R003', 'J014', 'J014', '승진', '승진에 따른 인사 조정', '2022-05-19', '2022-06-16', '승인', '2024-06-01'),
(21, 20180214003001, 'H003', 'H001', 'D005', 'D001', 'T009', 'T001', 'P001', 'P001', 'R002', 'R002', 'J025', 'J003', '전직', '전직에 따른 인사 조정', '2024-01-07', '2024-01-26', '승인', '2024-01-15'),
(22, 20120609023001, 'H002', 'H002', 'D004', 'D004', 'T008', 'T008', 'P001', 'P002', 'R002', 'R003', 'J023', 'J023', '승진', '승진에 따른 인사 조정',  '2022-05-19', '2022-07-15', '승인', '2024-06-01'),
(23, 20210726006001, 'H001', 'H001', 'D001', 'D001', 'T002', 'T002', 'P001', 'P001', 'R001', 'R002', 'J006', 'J006', '승진', '승진에 따른 인사 조정', '2022-05-19', '2022-06-16', '승인', '2025-05-30'),
(24, 20181103008001, 'H001', 'H001', 'D002', 'D002', 'T003', 'T003', 'P001', 'P001', 'R002', 'R001', 'J008', 'J008', '직급조정', '직급조정에 따른 인사 조정', '2024-01-15', '2024-02-29', '승인', '2025-02-01'),
(25, 20191101018001, 'H002', 'H002', 'D003', 'D003', 'T006', 'T006', 'P001', 'P001', 'R001', 'R002', 'J018', 'J018', '승진', '승진에 따른 인사 조정', '2022-05-17', '2022-06-26', '승인', '2025-06-01'),
(26, 20191216014001, 'H002', 'H002', 'D003', 'D003', 'T005', 'T005', 'P002', 'P001', 'R003', 'R002', 'J014', 'J014', '직급조정', '직급조정에 따른 인사 조정', '2024-03-09', '2024-05-04', '승인', '2025-04-01'),
(27, 20071010003001, 'H001', 'H001', 'D002', 'D001', 'T004', 'T001', 'P002', 'P002', 'R003', 'R003', 'J012', 'J003', '전직', '전보에 따른 인사 조정', '2024-02-15', '2024-03-01', '승인', '2025-02-20'),
(28, 20211108018001, 'H002', 'H002', 'D004', 'D003', 'T008', 'T006', 'P001', 'P001', 'R001', 'R001', 'J024', 'J018', '전보', '전보에 따른 인사 조정', '2024-02-23', '2024-04-16', '승인', '2025-03-01'),
(29, 20160324035001, 'H001', 'H003', 'D001', 'D006', 'T001', 'T012', 'P001', 'P001', 'R001', 'R001', 'J001', 'J035', '전직', '전직에 따른 인사 조정', '2025-06-15', '2025-07-15', '대기', '2025-06-18'),
(30, 19991208002001, 'H001', 'H001', 'D001', 'D001', 'T001', 'T001', 'P002', 'P003', 'R003', 'R004', 'J002', 'J002', '승진', '승진에 따른 인사 조정', '2025-06-05', '2025-07-15', '대기', '2025-07-01');

-- 알림

-- 공지사항
INSERT INTO board (
    board_id,
    board_title,
    board_content,
    board_created_at,
    employee_id
) VALUES
      (1, '2025년 상반기 실적 발표 안내',   '2025년 상반기 회사 실적 발표가 6월 15일 10시에 대강당에서 진행됩니다.', '2025-06-01 09:00:00', 20020724007001),
      (2, '사무실 냉방 가동 시간 변경',     '여름철 전력 절감을 위해 냉방 가동 시간이 9시→8시로 변경됩니다.',      '2025-06-02 14:20:00', 20020724007001),
      (3, '2025년 제2회 채용 공고',         '2025년 하반기 신입·경력사원 모집을 6월 10일부터 시작합니다.',      '2025-06-03 11:45:00', 20020724007001),
      (4, '워크숍 일정 안내',               '전사 워크숍이 7월 5일~6일 양일간 강원도 힐링 리조트에서 진행됩니다.', '2025-06-04 16:30:00', 20020724007001),
      (5, '사내 동호회 참가 신청',          '7월부터 활동할 사내 축구·배드민턴·독서 동호회 참가자를 모집합니다.', '2025-06-05 10:10:00', 20020724007001),
      (6, '시스템 유지보수 공지',          '6월 20일 01시~03시 시스템 점검으로 업무 시스템이 일시 중단됩니다.', '2025-06-06 13:55:00', 20020724007001),
      (7, '2025년 하반기 인턴십 모집',      '대학생 대상 2025년 하반기 인턴십 모집을 6월 25일부터 실시합니다.', '2025-06-07 08:40:00', 20020724007001),
      (8, '사내 도서관 리모델링 안내',      '사내 도서관 리모델링으로 인해 6월 15일부터 2주간 이용이 제한됩니다.', '2025-06-08 17:15:00', 20020724007001),
      (9, '2025년 보안 패치 배포 안내',     '모든 PC에 6월 18일 오후 6시 이후 자동 보안 패치가 적용됩니다.',    '2025-06-09 15:05:00', 20020724007001),
      (10,'하계 휴가 복귀 보고',            '하계 휴가 복귀자는 8월 5일까지 휴가 복귀 보고서를 제출해 주시기 바랍니다.', '2025-06-10 12:00:00', 20020724007001);

INSERT INTO board_file (
    file_id,
    board_id,
    file_name,
    file_url,
    file_size
) VALUES
      (1,  1, '실적자료.pdf',      'boards/20250601120000-uuid1_실적자료.pdf',      245678),
      (2,  2, '냉방안내문.docx',    'boards/20250602143000-uuid2_냉방안내문.docx',  98765),
      (3,  4, '워크숍일정.xlsx',     'boards/20250604163000-uuid3_워크숍일정.xlsx',   123456),
      (4,  4, '참가자명단.csv',      'boards/20250604163000-uuid4_참가자명단.csv',   54321),
      (5,  7, '인턴십모집공고.pdf', 'boards/20250607104000-uuid5_인턴십모집공고.pdf', 334455),
      (6, 10, '복귀보고템플릿.doc','boards/20250610120000-uuid6_복귀보고템플릿.doc',1234567);

# -- 메뉴: 잠시 sidebar 수정으로 멈춤
INSERT INTO menu (menu_id, menu_name, parent_menu_id, menu_path) VALUES
       (1, '인사 정보', NULL, NULL),
       (2, '사원 조회', 1, NULL),
       (3, '내 인사 정보', 2, '/employeeInfo/myInfo'),
       (4, '사원 목록 조회', 2, '/employeeInfo/employeeList'),
       (5, '계약서/법정서류 관리', 2, '/employeeInfo/Contract'),
       (6, '징계 관리', 2, '/employeeInfo/disciplinary'),
       (7, '근태 관리', NULL, NULL),
       (8, '근태 현황', 7, NULL),
       (9, '내 근태 현황', 8, '/attendance/myAttendance'),
       (10, '팀 근태 현황', 8, '/attendance/teamAttendance'),
       (11, '내 출근 정정 관리', 8, '/attendance/myCorrection'),
       (12, '전체 출근 정정 관리', 8, '/attendance/allCorrection'),
       (13, '출퇴근 관리', 7, NULL),
       (14, '내 출퇴근 관리', 13, '/attendance/myCommute'),
       (15, '전체 출퇴근 관리', 13, '/attendance/allCommute'),
       (16, '휴가 관리', 7, NULL),
       (17, '내 연차 관리', 16, '/attendance/myLeave'),
       (18, '전체 연차 관리', 16, '/attendance/allLeave'),
       (19, '조직 및 직무', NULL, NULL),
       (20, '조직 구성', 19, NULL),
       (21, '조직 구성 조회', 20, '/org/structure'),
       (22, '조직 및 직무 소개', 19, NULL),
       (23, '조직 및 직무 소개', 22, '/org/introduction'),
       (24, '인사발령', 19, NULL),
       (25, '인사발령 이력', 24, '/org/appointment'),
       (26, '인사발령 등록', 24, '/org/appointment/register'),
       (27, '전자 결재', NULL, NULL),
       (28, '기안 작성', 27, NULL),
       (29, '기안양식함', 28, '/draftdoc/draftcreate'),
       (30, '임시저장함', 28, '/draftdoc/temporarydoc'),
       (31, '문서함', 27, NULL),
       (32, '기안함', 31, '/draftdoc/mydraft'),
       (33, '결재함', 31, '/draftdoc/approve'),
       (34, '수신함', 31, '/draftdoc/inbox'),
       (35, '참조함', 31, '/draftdoc/reference'),
       (36, '급여', NULL, NULL),
       (37, '급여 관리', 36, NULL),
       (38, '내 급여명세서 조회', 37, '/salary/payroll/slip'),
       (39, '급여명세서 발급', 37, '/salary/payroll/issue'),
       (40, '퇴직 관리', 36, NULL),
       (41, '예상 퇴직금 계산', 40, '/salary/retirement/estimate'),
       (42, '퇴직금 지급 현황', 40, '/salary/retirement/status'),
       (43, '평가 및 성과', NULL, NULL),
       (44,'평가 관리', 43, NULL),
       (45,'평가',44, '/org/evaluation'),
       (46,'내가 쓴 평가', 44, '/org/myevaluation'),
       (47,'성과 관리', 43, NULL),
       (48,'목표', 47, '/org/goals'),
       (49,'성과 이력', 47, '/org/achievment'),
       (50, '공지 사항', NULL, '/post'),
       (51, '용어 사전', NULL, '/dictionary')

# -- 자주쓰는메뉴
